Start timestamp (s),End timestamp (s),Handshake number,Handshake duration (ms),Droprate (%),Number of handshake packets,Number of payload packets,Number of handshake bytes,Number of payload bytes,Number of long headers,Number of short headers,Bytes for long headers,Bytes for short headers,
1628776020.79013,1628776020.809754,0,19.623994827270508,0,9,5,9028,1329,12,5,8786,983,
1628776021.842025,1628776021.854888,1,12.862920761108398,0,7,5,8841,1329,11,5,8683,983,
1628776022.895489,1628776022.911269,2,15.779972076416016,0,9,5,9026,1329,13,5,8784,983,
1628776023.945125,1628776023.958098,3,12.972831726074219,0,7,5,8851,1329,11,5,8693,983,
1628776025.000804,1628776025.013673,4,12.869119644165039,0,9,5,9071,1329,13,5,8829,983,
1628776026.042113,1628776026.054169,5,12.05587387084961,0,7,5,8850,1329,11,5,8692,983,
1628776027.078338,1628776027.090049,6,11.71112060546875,0,7,5,8845,1329,11,5,8687,983,
1628776028.11782,1628776028.131384,7,13.563871383666992,0,7,5,8859,1329,11,5,8701,983,
1628776029.162222,1628776029.174782,8,12.560129165649414,0,7,5,8838,1329,11,5,8680,983,
1628776030.232461,1628776030.244845,9,12.38393783569336,0,7,5,8852,1329,11,5,8694,983,
1628776031.29401,1628776031.306612,10,12.602090835571289,0,9,5,9027,1329,13,5,8785,983,
1628776032.342489,1628776032.356983,11,14.493942260742188,0,7,5,8847,1329,11,5,8689,983,
1628776033.399615,1628776033.411004,12,11.389017105102539,0,9,5,9074,1326,13,5,8829,983,
1628776034.453693,1628776034.465382,13,11.689186096191406,0,7,5,8852,1329,11,5,8694,983,
1628776035.499583,1628776035.511241,14,11.657953262329102,0,7,5,8852,1329,11,5,8694,983,
1628776036.543058,1628776036.554499,15,11.44099235534668,0,7,5,8857,1329,11,5,8699,983,
1628776037.582024,1628776037.594086,16,12.061834335327148,0,7,5,8850,1329,11,5,8692,983,
1628776038.622111,1628776038.634826,17,12.714862823486328,0,7,5,8848,1329,11,5,8690,983,
1628776039.670512,1628776039.682165,18,11.652946472167969,0,7,5,8850,1329,11,5,8692,983,
1628776040.719715,1628776040.738876,19,19.160985946655273,0,11,5,9260,1329,15,5,8934,983,
1628776041.766099,1628776041.78252,20,16.421079635620117,0,7,5,8853,1329,11,5,8695,983,
1628776042.807029,1628776042.818798,21,11.76905632019043,0,7,5,8846,1329,11,5,8688,983,
1628776043.842603,1628776043.854939,22,12.336015701293945,0,7,5,8854,1329,11,5,8696,983,
1628776044.878509,1628776044.890944,23,12.434959411621094,0,7,5,8840,1329,11,5,8682,983,
1628776045.929349,1628776045.942191,24,12.841939926147461,0,7,5,8845,1329,11,5,8687,983,
1628776046.970098,1628776046.982776,25,12.677907943725586,0,7,5,8845,1329,11,5,8687,983,
1628776048.010958,1628776048.022869,26,11.911153793334961,0,7,5,8844,1329,11,5,8686,983,
1628776049.054791,1628776049.067037,27,12.246131896972656,0,7,5,8845,1329,11,5,8687,983,
1628776050.095022,1628776050.107573,28,12.551069259643555,0,7,5,8845,1329,11,5,8687,983,
1628776051.136716,1628776051.151151,29,14.435052871704102,0,7,5,8847,1329,11,5,8689,983,
1628776052.182113,1628776052.194437,30,12.324094772338867,0,7,5,8845,1329,11,5,8687,983,
1628776053.222143,1628776053.235432,31,13.28897476196289,0,7,5,8853,1329,11,5,8695,983,
1628776054.267166,1628776054.278701,32,11.535167694091797,0,9,5,9086,1326,13,5,8841,983,
1628776055.306655,1628776055.321307,33,14.652013778686523,0,7,5,8848,1329,11,5,8690,983,
1628776056.36287,1628776056.376799,34,13.929128646850586,0,7,5,8858,1329,11,5,8700,983,
1628776057.400297,1628776057.419191,35,18.893957138061523,0,7,5,8849,1329,11,5,8691,983,
1628776058.474457,1628776058.488717,36,14.260053634643555,0,7,5,8851,1329,11,5,8693,983,
1628776059.531889,1628776059.543252,37,11.363029479980469,0,9,5,9079,1327,13,5,8835,983,
1628776060.578797,1628776060.591717,38,12.919902801513672,0,7,5,8846,1329,11,5,8688,983,
1628776061.635881,1628776061.649017,39,13.136148452758789,0,7,5,8852,1329,11,5,8694,983,
1628776062.690756,1628776062.702735,40,11.978864669799805,0,7,5,8849,1329,11,5,8691,983,
1628776063.728643,1628776063.74208,41,13.437032699584961,0,7,5,8859,1329,11,5,8701,983,
1628776064.767187,1628776064.781715,42,14.52779769897461,0,9,6,9078,1400,13,6,8833,1015,
1628776065.813712,1628776065.825695,43,11.983156204223633,0,7,5,8848,1329,11,5,8690,983,
1628776066.869693,1628776066.88272,44,13.026952743530273,0,7,5,8853,1329,11,5,8695,983,
1628776067.91218,1628776067.926441,45,14.261007308959961,0,9,5,9074,1326,13,5,8829,983,
1628776068.959163,1628776068.971202,46,12.038946151733398,0,7,5,8854,1329,11,5,8696,983,
1628776070.010798,1628776070.022986,47,12.187957763671875,0,7,5,8850,1329,11,5,8692,983,
1628776071.054637,1628776071.066602,48,11.965036392211914,0,7,5,8845,1329,11,5,8687,983,
1628776072.087641,1628776072.101071,49,13.429880142211914,0,7,5,8851,1329,11,5,8693,983,
1628776073.14228,1628776073.157505,50,15.224933624267578,0,9,5,9039,1329,13,5,8797,983,
1628776074.202037,1628776074.214997,51,12.959957122802734,0,7,5,8851,1329,11,5,8693,983,
1628776075.242997,1628776075.254479,52,11.482000350952148,0,9,5,9091,1326,13,5,8846,983,
1628776076.273959,1628776076.286673,53,12.714147567749023,0,9,5,9079,1326,13,5,8834,983,
1628776077.320424,1628776077.332378,54,11.95383071899414,0,7,5,8844,1329,11,5,8686,983,
1628776078.374251,1628776078.386957,55,12.70604133605957,0,7,5,8854,1329,11,5,8696,983,
1628776079.417658,1628776079.429436,56,11.777877807617188,0,7,5,8841,1329,11,5,8683,983,
1628776080.460343,1628776080.472766,57,12.423038482666016,0,7,5,8849,1329,11,5,8691,983,
1628776081.511427,1628776081.524322,58,12.89510726928711,0,7,5,8858,1329,11,5,8700,983,
1628776082.554052,1628776082.56666,59,12.607812881469727,0,9,5,9029,1329,13,5,8787,983,
1628776083.589202,1628776083.602617,60,13.415098190307617,0,10,5,9119,1330,13,5,8836,983,
1628776084.626281,1628776084.640959,61,14.678001403808594,0,7,5,8849,1329,11,5,8691,983,
1628776085.671382,1628776085.684253,62,12.871026992797852,0,9,5,9076,1326,13,5,8831,983,
1628776086.70996,1628776086.721602,63,11.641979217529297,0,9,5,9070,1326,13,5,8825,983,
1628776087.758208,1628776087.771004,64,12.79592514038086,0,7,5,8843,1329,11,5,8685,983,
1628776088.821713,1628776088.83715,65,15.437126159667969,0,7,7,8849,1475,11,7,8691,1045,
1628776089.882621,1628776089.894895,66,12.274026870727539,0,7,5,8850,1329,11,5,8692,983,
1628776090.916783,1628776090.930388,67,13.604879379272461,0,7,5,8855,1329,11,5,8697,983,
1628776091.966441,1628776091.979145,68,12.704133987426758,0,7,5,8845,1329,11,5,8687,983,
1628776093.013626,1628776093.025635,69,12.008905410766602,0,7,5,8841,1329,11,5,8683,983,
1628776094.050702,1628776094.062317,70,11.614799499511719,0,7,5,8845,1329,11,5,8687,983,
1628776095.090175,1628776095.105055,71,14.880180358886719,0,7,6,8852,1404,11,6,8694,1016,
1628776096.137916,1628776096.149596,72,11.679887771606445,0,7,5,8851,1329,11,5,8693,983,
1628776097.172691,1628776097.185641,73,12.949943542480469,0,7,5,8852,1329,11,5,8694,983,
1628776098.20534,1628776098.218082,74,12.742042541503906,0,7,5,8850,1329,11,5,8692,983,
1628776099.24931,1628776099.262709,75,13.398885726928711,0,7,5,8848,1329,11,5,8690,983,
1628776100.29615,1628776100.310067,76,13.916969299316406,0,9,5,9080,1326,13,5,8835,983,
1628776101.351236,1628776101.363412,77,12.175798416137695,0,7,5,8848,1329,11,5,8690,983,
1628776102.400706,1628776102.414223,78,13.516902923583984,0,11,5,9256,1329,15,5,8930,983,
1628776103.437556,1628776103.450477,79,12.920856475830078,0,9,5,9076,1326,13,5,8831,983,
1628776104.491895,1628776104.505312,80,13.41700553894043,0,9,5,9083,1329,13,5,8841,983,
1628776105.53258,1628776105.544477,81,11.897087097167969,0,9,5,9073,1329,13,5,8831,983,
1628776106.573702,1628776106.58686,82,13.157844543457031,0,7,5,8853,1329,11,5,8695,983,
1628776107.612232,1628776107.624755,83,12.52293586730957,0,9,5,9074,1329,13,5,8832,983,
1628776108.673872,1628776108.686438,84,12.566089630126953,0,7,5,8860,1329,11,5,8702,983,
1628776109.715703,1628776109.727322,85,11.619091033935547,0,9,5,9082,1326,13,5,8837,983,
1628776110.754407,1628776110.766123,86,11.716127395629883,0,7,5,8847,1329,11,5,8689,983,
1628776111.801791,1628776111.814447,87,12.655973434448242,0,9,5,9022,1329,13,5,8780,983,
1628776112.834468,1628776112.84611,88,11.642217636108398,0,7,5,8855,1329,11,5,8697,983,
1628776113.870843,1628776113.884894,89,14.050960540771484,0,7,5,8843,1329,11,5,8685,983,
1628776114.917498,1628776114.929402,90,11.904001235961914,0,7,5,8849,1329,11,5,8691,983,
1628776115.974669,1628776115.986114,91,11.445045471191406,0,7,5,8849,1329,11,5,8691,983,
1628776117.015265,1628776117.027506,92,12.241125106811523,0,11,5,9261,1329,15,5,8935,983,
1628776118.054648,1628776118.066229,93,11.581182479858398,0,9,5,9079,1326,13,5,8834,983,
1628776119.086644,1628776119.098503,94,11.85917854309082,0,7,5,8860,1329,11,5,8702,983,
1628776120.127296,1628776120.13929,95,11.994123458862305,0,7,5,8834,1329,11,5,8676,983,
1628776121.167006,1628776121.179446,96,12.439966201782227,0,7,5,8854,1329,11,5,8696,983,
1628776122.223406,1628776122.235417,97,12.010812759399414,0,7,5,8850,1329,11,5,8692,983,
1628776123.261774,1628776123.276495,98,14.720916748046875,0,7,5,8849,1329,11,5,8691,983,
1628776124.305592,1628776124.318491,99,12.898921966552734,0,9,5,9076,1326,13,5,8831,983,
1628776125.348812,1628776125.361881,100,13.068914413452148,5,7,5,8857,1329,11,5,8699,983,
1628776126.40119,1628776126.413659,101,12.469053268432617,5,9,5,9077,1326,13,5,8832,983,
1628776127.448168,1628776127.46251,102,14.342069625854492,5,7,5,8858,1329,11,5,8700,983,
1628776128.503799,1628776128.516981,103,13.181924819946289,5,9,5,9077,1329,13,5,8835,983,
1628776129.558996,1628776129.570486,104,11.490106582641602,5,7,5,8849,1330,11,5,8692,983,
1628776130.602286,1628776130.615308,105,13.02194595336914,5,7,5,8846,1329,11,5,8688,983,
1628776131.662114,1628776131.674115,106,12.00103759765625,5,7,5,8849,1329,11,5,8691,983,
1628776132.718217,1628776132.73086,107,12.643098831176758,5,7,5,8849,1329,11,5,8691,983,
1628776133.773406,1628776133.786741,108,13.334989547729492,5,7,5,8857,1329,11,5,8699,983,
1628776134.836806,1628776134.848487,109,11.680841445922852,5,9,5,9079,1326,13,5,8834,983,
1628776135.871068,1628776135.882069,110,11.001110076904297,5,9,5,9079,1329,13,5,8837,983,
1628776136.910663,1628776136.922346,111,11.683225631713867,5,9,5,9076,1326,13,5,8831,983,
1628776137.958266,1628776137.97026,112,11.993885040283203,5,7,5,8848,1329,11,5,8690,983,
1628776139.012148,1628776139.024551,113,12.403011322021484,5,7,5,8847,1329,11,5,8689,983,
1628776140.04823,1628776140.060956,114,12.726068496704102,5,7,5,8853,1329,11,5,8695,983,
1628776141.089813,1628776141.103838,115,14.024972915649414,5,7,5,8849,1329,11,5,8691,983,
1628776142.136074,1628776142.147924,116,11.84988021850586,5,9,5,9085,1329,13,5,8843,983,
1628776143.174706,1628776143.186042,117,11.336088180541992,5,7,5,8850,1329,11,5,8692,983,
1628776144.216993,1628776144.228584,118,11.590957641601562,5,7,7,8852,1475,11,7,8694,1045,
1628776145.257328,1628776145.26905,119,11.72184944152832,5,7,5,8852,1329,11,5,8694,983,
1628776146.302021,1628776146.314601,120,12.579917907714844,5,7,5,8853,1329,11,5,8695,983,
1628776147.346019,1628776147.358985,121,12.965917587280273,5,7,5,8853,1329,11,5,8695,983,
1628776148.387202,1628776148.398714,122,11.512041091918945,5,7,5,8843,1329,11,5,8685,983,
1628776149.434241,1628776149.447496,123,13.254880905151367,5,7,5,8846,1329,11,5,8688,983,
1628776150.475125,1628776150.491314,124,16.188859939575195,5,9,5,9025,1329,13,5,8783,983,
1628776151.515687,1628776151.527277,125,11.590003967285156,5,7,5,8844,1329,11,5,8686,983,
1628776152.550479,1628776152.564781,126,14.30201530456543,5,7,5,8857,1329,11,5,8699,983,
1628776153.599012,1628776153.612151,127,13.139009475708008,5,7,5,8838,1329,11,5,8680,983,
1628776154.657708,1628776154.670005,128,12.29715347290039,5,7,5,8854,1329,11,5,8696,983,
1628776155.718278,1628776155.730068,129,11.790037155151367,5,7,5,8845,1329,11,5,8687,983,
1628776156.762292,1628776156.774861,130,12.569189071655273,5,7,5,8846,1329,11,5,8688,983,
1628776157.805479,1628776157.818526,131,13.046979904174805,5,9,5,9027,1329,13,5,8785,983,
1628776158.842463,1628776158.85798,132,15.516996383666992,5,9,5,9035,1329,13,5,8793,983,
1628776159.883672,1628776159.895046,133,11.37399673461914,5,7,5,8852,1329,11,5,8694,983,
1628776160.921109,1628776160.932406,134,11.296987533569336,5,7,5,8843,1329,11,5,8685,983,
1628776161.972783,1628776161.985807,135,13.023853302001953,5,11,5,9261,1329,15,5,8935,983,
1628776163.00984,1628776163.022534,136,12.69388198852539,5,7,5,8847,1329,11,5,8689,983,
1628776164.051361,1628776164.063059,137,11.698007583618164,5,11,5,9248,1329,15,5,8922,983,
1628776165.090502,1628776165.10206,138,11.558055877685547,5,7,5,8853,1329,11,5,8695,983,
1628776166.133423,1628776166.146814,139,13.39101791381836,5,7,5,8856,1329,11,5,8698,983,
1628776167.183398,1628776167.194952,140,11.55400276184082,5,9,5,9074,1326,13,5,8829,983,
1628776168.217637,1628776168.230354,141,12.717008590698242,5,7,5,8851,1329,11,5,8693,983,
1628776169.260149,1628776169.274228,142,14.079093933105469,5,9,5,9081,1326,13,5,8836,983,
1628776170.303689,1628776170.315181,143,11.492013931274414,5,9,5,9076,1326,13,5,8831,983,
1628776171.355633,1628776171.368575,144,12.942075729370117,5,11,5,9255,1329,15,5,8929,983,
1628776172.413925,1628776172.426785,145,12.86005973815918,5,9,5,9034,1329,13,5,8792,983,
1628776173.454448,1628776173.466408,146,11.960029602050781,5,7,5,8855,1329,11,5,8697,983,
1628776174.50424,1628776174.517352,147,13.112068176269531,5,9,5,9076,1326,13,5,8831,983,
1628776175.539622,1628776175.55123,148,11.607885360717773,5,7,5,8850,1329,11,5,8692,983,
1628776176.583023,1628776176.595199,149,12.176036834716797,5,9,5,9071,1327,13,5,8827,983,
1628776177.624645,1628776177.636927,150,12.28189468383789,5,7,5,8851,1329,11,5,8693,983,
1628776178.665749,1628776178.678735,151,12.985944747924805,5,7,5,8858,1329,11,5,8700,983,
1628776179.714246,1628776179.726228,152,11.981964111328125,5,7,5,8858,1329,11,5,8700,983,
1628776180.760157,1628776180.772974,153,12.816905975341797,5,9,5,9084,1329,13,5,8842,983,
1628776181.804556,1628776181.816138,154,11.582136154174805,5,7,5,8855,1329,11,5,8697,983,
1628776182.846827,1628776182.859184,155,12.356996536254883,5,7,5,8850,1329,11,5,8692,983,
1628776183.917358,1628776183.929786,156,12.428045272827148,5,7,5,8853,1329,11,5,8695,983,
1628776184.970271,1628776184.982473,157,12.201786041259766,5,7,5,8858,1329,11,5,8700,983,
1628776186.006875,1628776186.018339,158,11.46388053894043,5,7,5,8852,1329,11,5,8694,983,
1628776187.052402,1628776187.067232,159,14.829874038696289,5,7,5,8850,1329,11,5,8692,983,
1628776188.092444,1628776188.110184,160,17.74001121520996,5,9,5,9084,1326,13,5,8839,983,
1628776189.14005,1628776189.15515,161,15.10000228881836,5,11,5,9251,1329,15,5,8925,983,
1628776190.176667,1628776190.188768,162,12.100934982299805,5,9,5,9083,1329,13,5,8841,983,
1628776191.21198,1628776191.22451,163,12.529850006103516,5,7,5,8845,1329,11,5,8687,983,
1628776192.264883,1628776192.277684,164,12.800931930541992,5,9,5,9084,1326,13,5,8839,983,
1628776193.305585,1628776193.318095,165,12.510061264038086,5,7,5,8849,1329,11,5,8691,983,
1628776194.349531,1628776194.363132,166,13.601064682006836,5,9,5,9029,1329,13,5,8787,983,
1628776195.399804,1628776195.414161,167,14.356851577758789,5,11,5,9251,1329,15,5,8925,983,
1628776196.438709,1628776196.455243,168,16.534090042114258,5,7,5,8852,1329,11,5,8694,983,
1628776197.499643,1628776197.511168,169,11.52491569519043,5,9,5,9078,1329,13,5,8836,983,
1628776198.535771,1628776198.548979,170,13.208150863647461,5,7,5,8848,1329,11,5,8690,983,
1628776199.582527,1628776199.594318,171,11.790990829467773,5,9,5,9067,1326,13,5,8822,983,
1628776200.627264,1628776200.640804,172,13.540029525756836,5,7,5,8856,1329,11,5,8698,983,
1628776201.670658,1628776201.685279,173,14.620780944824219,5,7,5,8853,1329,11,5,8695,983,
1628776202.724763,1628776202.738861,174,14.098167419433594,5,7,5,8853,1329,11,5,8695,983,
1628776203.77106,1628776203.782278,175,11.218070983886719,5,7,5,8852,1329,11,5,8694,983,
1628776204.810087,1628776204.822724,176,12.637138366699219,5,7,5,8861,1329,11,5,8703,983,
1628776205.854312,1628776205.86681,177,12.498140335083008,5,7,5,8856,1329,11,5,8698,983,
1628776206.899438,1628776206.910822,178,11.384010314941406,5,7,5,8850,1329,11,5,8692,983,
1628776207.947292,1628776207.959027,179,11.734962463378906,5,7,5,8854,1329,11,5,8696,983,
1628776208.985635,1628776208.998931,180,13.295888900756836,5,9,5,9075,1329,13,5,8833,983,
1628776210.02543,1628776210.038901,181,13.471126556396484,5,11,5,9257,1329,15,5,8931,983,
1628776211.070657,1628776211.085414,182,14.756917953491211,5,7,5,8859,1329,11,5,8701,983,
1628776212.109216,1628776212.122607,183,13.39101791381836,5,7,5,8854,1329,11,5,8696,983,
1628776213.14896,1628776213.162107,184,13.14687728881836,5,7,5,8854,1329,11,5,8696,983,
1628776214.184406,1628776214.19732,185,12.913942337036133,5,9,5,9081,1326,13,5,8836,983,
1628776215.218764,1628776215.230086,186,11.322021484375,5,7,5,8850,1329,11,5,8692,983,
1628776216.251658,1628776216.265713,187,14.055013656616211,5,7,5,8857,1329,11,5,8699,983,
1628776217.295067,1628776217.306741,188,11.673927307128906,5,7,5,8848,1329,11,5,8690,983,
1628776218.344088,1628776218.356516,189,12.427806854248047,5,9,5,9075,1329,13,5,8833,983,
1628776219.383453,1628776219.397031,190,13.578176498413086,5,9,5,9080,1326,13,5,8835,983,
1628776220.424681,1628776220.436928,191,12.247085571289062,5,7,5,8855,1329,11,5,8697,983,
1628776221.472215,1628776221.486654,192,14.439105987548828,5,11,5,9252,1329,15,5,8926,983,
1628776222.531934,1628776222.543552,193,11.617898941040039,5,9,5,9082,1326,13,5,8837,983,
1628776223.570991,1628776223.586749,194,15.758037567138672,5,7,5,8858,1329,11,5,8700,983,
1628776224.638542,1628776224.650295,195,11.753082275390625,5,7,5,8855,1329,11,5,8697,983,
1628776225.672014,1628776225.686448,196,14.434099197387695,5,7,5,8844,1329,11,5,8686,983,
1628776226.719561,1628776226.734846,197,15.285015106201172,5,11,5,9248,1329,15,5,8922,983,
1628776227.757806,1628776227.771255,198,13.448953628540039,5,7,5,8849,1329,11,5,8691,983,
1628776228.800954,1628776228.813857,199,12.902975082397461,5,9,5,9082,1326,13,5,8837,983,
1628776229.839984,1628776229.853781,200,13.79704475402832,10,11,5,9263,1329,15,5,8937,983,
1628776230.878432,1628776230.889994,201,11.561870574951172,10,8,5,8927,1329,11,5,8727,983,
1628776231.922332,1628776231.934956,202,12.624025344848633,10,7,5,8853,1329,11,5,8695,983,
1628776232.977197,1628776232.991282,203,14.085054397583008,10,7,5,8859,1329,11,5,8701,983,
1628776234.029421,1628776234.042046,204,12.624979019165039,10,7,5,8848,1329,11,5,8690,983,
1628776235.071039,1628776235.082517,205,11.477947235107422,10,7,5,8852,1329,11,5,8694,983,
1628776236.114271,1628776236.126922,206,12.65096664428711,10,7,5,8848,1329,11,5,8690,983,
1628776237.153269,1628776237.165486,207,12.217044830322266,10,7,7,8849,1475,11,7,8691,1045,
1628776238.189839,1628776238.206785,208,16.946077346801758,10,7,5,8851,1329,11,5,8693,983,
1628776239.239655,1628776239.25441,209,14.755010604858398,10,7,5,8844,1329,11,5,8686,983,
1628776240.27564,1628776240.289197,210,13.556957244873047,10,7,5,8859,1329,11,5,8701,983,
1628776241.325812,1628776241.338888,211,13.075828552246094,10,7,5,8846,1329,11,5,8688,983,
1628776242.368995,1628776242.384584,212,15.588998794555664,10,9,5,9077,1326,13,5,8832,983,
1628776243.407172,1628776243.42189,213,14.718055725097656,10,11,5,9264,1329,15,5,8938,983,
1628776244.44497,1628776244.456887,214,11.9171142578125,10,7,5,8848,1329,11,5,8690,983,
1628776245.4879,1628776245.500612,215,12.71200180053711,10,11,5,9260,1329,15,5,8934,983,
1628776246.526695,1628776246.541702,216,15.00701904296875,10,7,5,8846,1329,11,5,8688,983,
1628776247.574747,1628776247.586131,217,11.384010314941406,10,7,5,8845,1329,11,5,8687,983,
1628776248.624142,1628776248.637508,218,13.365983963012695,10,7,5,8853,1330,11,5,8695,984,
1628776249.669656,1628776249.682605,219,12.948989868164062,10,7,5,8854,1329,11,5,8696,983,
1628776250.710128,1628776250.723115,220,12.986898422241211,10,7,5,8846,1329,11,5,8688,983,
1628776251.764857,1628776251.778992,221,14.134883880615234,10,9,5,9028,1329,13,5,8786,983,
1628776252.808762,1628776252.821668,222,12.90583610534668,10,9,5,9081,1326,13,5,8836,983,
1628776253.848728,1628776253.862228,223,13.499975204467773,10,7,5,8852,1329,11,5,8694,983,
1628776254.887653,1628776254.899521,224,11.868000030517578,10,7,5,8846,1329,11,5,8688,983,
1628776255.93379,1628776255.945424,225,11.634111404418945,10,7,5,8848,1329,11,5,8690,983,
1628776257.00276,1628776257.014586,226,11.826038360595703,10,9,5,9074,1326,13,5,8829,983,
1628776258.049448,1628776258.062565,227,13.117074966430664,10,7,5,8856,1329,11,5,8698,983,
1628776259.094431,1628776259.106758,228,12.327194213867188,10,7,6,8854,1404,11,6,8696,1016,
1628776260.144981,1628776260.158179,229,13.198137283325195,10,7,5,8850,1329,11,5,8692,983,
1628776261.186079,1628776261.198199,230,12.12000846862793,10,7,5,8850,1329,11,5,8692,983,
1628776262.227558,1628776262.239386,231,11.828184127807617,10,9,5,9079,1327,13,5,8835,983,
1628776263.27762,1628776263.2905,232,12.87984848022461,10,7,5,8855,1329,11,5,8697,983,
1628776264.313265,1628776264.325073,233,11.807918548583984,10,7,5,8857,1329,11,5,8699,983,
1628776265.354456,1628776265.366123,234,11.667013168334961,10,7,5,8855,1329,11,5,8697,983,
1628776266.389887,1628776266.401758,235,11.870861053466797,10,11,5,9254,1329,15,5,8928,983,
1628776267.436818,1628776267.450024,236,13.206005096435547,10,8,5,8946,1329,11,5,8746,983,
1628776268.491019,1628776268.502625,237,11.605978012084961,10,7,5,8853,1329,11,5,8695,983,
1628776269.530284,1628776269.542061,238,11.777162551879883,10,7,5,8844,1329,11,5,8686,983,
1628776270.58778,1628776270.601019,239,13.238906860351562,10,7,5,8852,1329,11,5,8694,983,
1628776271.647536,1628776271.658897,240,11.360883712768555,10,7,5,8866,1329,11,5,8708,983,
1628776272.699218,1628776272.710882,241,11.66391372680664,10,9,5,9086,1326,13,5,8841,983,
1628776273.753921,1628776273.76543,242,11.508941650390625,10,7,5,8838,1329,11,5,8680,983,
1628776274.791483,1628776274.803589,243,12.106180191040039,10,7,5,8848,1329,11,5,8690,983,
1628776275.838584,1628776275.851431,244,12.846946716308594,10,9,5,9032,1329,13,5,8790,983,
1628776276.882596,1628776276.894341,245,11.744976043701172,10,7,5,8839,1329,11,5,8681,983,
1628776277.92961,1628776277.943134,246,13.524055480957031,10,9,5,9030,1329,13,5,8788,983,
1628776278.970297,1628776278.981713,247,11.415958404541016,10,7,5,8840,1329,11,5,8682,983,
1628776280.019524,1628776280.032296,248,12.771844863891602,10,9,5,9079,1326,13,5,8834,983,
1628776281.059018,1628776281.070567,249,11.548995971679688,10,9,5,9077,1326,13,5,8832,983,
1628776282.105866,1628776282.118421,250,12.555122375488281,10,7,5,8843,1329,11,5,8685,983,
1628776283.141991,1628776283.154663,251,12.672185897827148,10,7,5,8852,1329,11,5,8694,983,
1628776284.179993,1628776284.191606,252,11.613130569458008,10,7,5,8848,1329,11,5,8690,983,
1628776285.226834,1628776285.23878,253,11.945962905883789,10,7,5,8855,1329,11,5,8697,983,
1628776286.268261,1628776286.281008,254,12.747049331665039,10,7,5,8842,1329,11,5,8684,983,
1628776287.319049,1628776287.333152,255,14.103174209594727,10,9,5,9031,1329,13,5,8789,983,
1628776288.357986,1628776288.370978,256,12.992143630981445,10,7,5,8856,1329,11,5,8698,983,
1628776289.400714,1628776289.414512,257,13.797998428344727,10,9,5,9076,1329,13,5,8834,983,
1628776290.45058,1628776290.466172,258,15.592098236083984,10,7,5,8858,1329,11,5,8700,983,
1628776291.491221,1628776291.502736,259,11.515140533447266,10,7,5,8852,1329,11,5,8694,983,
1628776292.535071,1628776292.546646,260,11.57522201538086,10,7,5,8843,1329,11,5,8685,983,
1628776293.586581,1628776293.601693,261,15.111923217773438,10,7,5,8849,1329,11,5,8691,983,
1628776294.644259,1628776294.655532,262,11.272907257080078,10,9,5,9074,1329,13,5,8832,983,
1628776295.710171,1628776295.722367,263,12.196063995361328,10,7,5,8845,1329,11,5,8687,983,
1628776296.763677,1628776296.775099,264,11.422157287597656,10,9,5,9074,1326,13,5,8829,983,
1628776297.817774,1628776297.829436,265,11.662006378173828,10,7,5,8856,1329,11,5,8698,983,
1628776298.871381,1628776298.882712,266,11.330842971801758,10,7,5,8849,1329,11,5,8691,983,
1628776299.909287,1628776299.920994,267,11.707067489624023,10,7,7,8850,1475,11,7,8692,1045,
1628776300.944247,1628776300.957368,268,13.120889663696289,10,9,6,9074,1404,13,6,8832,1016,
1628776302.004555,1628776302.018078,269,13.523101806640625,10,7,5,8851,1329,11,5,8693,983,
1628776303.042257,1628776303.058494,270,16.23702049255371,10,7,5,8855,1329,11,5,8697,983,
1628776304.086277,1628776304.10143,271,15.152931213378906,10,7,5,8854,1329,11,5,8696,983,
1628776305.156074,1628776305.171494,272,15.419960021972656,10,7,7,8851,1475,11,7,8693,1045,
1628776306.217703,1628776306.229416,273,11.712789535522461,10,7,7,8860,1475,11,7,8702,1045,
1628776307.267819,1628776307.281674,274,13.85498046875,10,7,5,8844,1329,11,5,8686,983,
1628776308.307081,1628776308.318465,275,11.384010314941406,10,7,5,8848,1329,11,5,8690,983,
1628776309.376844,1628776309.393061,276,16.21699333190918,10,9,5,9024,1329,13,5,8782,983,
1628776310.413646,1628776310.426216,277,12.569904327392578,10,7,5,8852,1331,11,5,8696,983,
1628776311.454332,1628776311.467078,278,12.745857238769531,10,7,5,8849,1329,11,5,8691,983,
1628776312.490199,1628776312.502189,279,11.989831924438477,10,7,5,8853,1329,11,5,8695,983,
1628776313.542089,1628776313.557505,280,15.41590690612793,10,7,5,8846,1329,11,5,8688,983,
1628776314.595512,1628776314.607077,281,11.564970016479492,10,9,5,9081,1329,13,5,8839,983,
1628776315.639993,1628776315.651407,282,11.414051055908203,10,7,5,8857,1329,11,5,8699,983,
1628776316.681416,1628776316.699294,283,17.878055572509766,10,7,5,8856,1329,11,5,8698,983,
1628776317.730867,1628776317.742731,284,11.864185333251953,10,7,5,8850,1329,11,5,8692,983,
1628776318.775056,1628776318.787616,285,12.560129165649414,10,8,5,8941,1329,11,5,8741,983,
1628776319.820842,1628776319.837678,286,16.835927963256836,10,7,5,8855,1329,11,5,8697,983,
1628776320.871654,1628776320.885185,287,13.530969619750977,10,7,6,8852,1403,11,6,8694,1015,
1628776321.925722,1628776321.941622,288,15.900135040283203,10,11,5,9210,1329,15,5,8884,983,
1628776322.974768,1628776322.987434,289,12.665987014770508,10,10,5,9124,1329,13,5,8840,983,
1628776324.016704,1628776324.031189,290,14.484882354736328,10,9,5,9031,1329,13,5,8789,983,
1628776325.056651,1628776325.070277,291,13.625860214233398,10,10,6,9114,1403,13,6,8830,1015,
1628776326.095661,1628776326.109341,292,13.679981231689453,10,8,6,8937,1404,11,6,8737,1016,
1628776327.13868,1628776327.154337,293,15.65694808959961,10,10,5,9111,1329,13,5,8827,983,
1628776328.186892,1628776328.202286,294,15.393972396850586,10,9,5,9039,1329,13,5,8797,983,
1628776329.230638,1628776329.244271,295,13.633012771606445,10,7,5,8859,1329,11,5,8701,983,
1628776330.27046,1628776330.284378,296,13.918161392211914,10,7,6,8849,1403,11,6,8691,1015,
1628776331.311281,1628776331.324489,297,13.208150863647461,10,10,5,9124,1329,13,5,8840,983,
1628776332.355956,1628776332.368567,298,12.610912322998047,10,8,6,8941,1404,11,6,8741,1016,
1628776333.402773,1628776333.416949,299,14.176130294799805,10,13,6,9443,1404,17,6,9033,1016,
1628776334.453913,1628776334.467101,300,13.18812370300293,20,9,5,9025,1329,13,5,8783,983,
1628776335.491461,1628776335.506647,301,15.186071395874023,20,11,5,9204,1329,15,5,8878,983,
1628776336.526567,1628776336.542955,302,16.387939453125,20,11,5,9205,1329,15,5,8879,983,
1628776337.573675,1628776337.587395,303,13.720035552978516,20,9,5,9023,1329,13,5,8781,983,
1628776338.616402,1628776338.628064,304,11.662006378173828,20,8,5,8936,1329,11,5,8736,983,
1628776339.660312,1628776339.675063,305,14.750957489013672,20,9,5,9079,1326,13,5,8834,983,
1628776340.702564,1628776340.714392,306,11.827945709228516,20,7,5,8848,1329,11,5,8690,983,
1628776341.748545,1628776341.763321,307,14.775991439819336,20,9,5,9035,1329,13,5,8793,983,
1628776342.814473,1628776342.826752,308,12.279033660888672,20,7,5,8849,1329,11,5,8691,983,
1628776343.8623,1628776343.87747,309,15.170097351074219,20,10,5,9122,1329,13,5,8838,983,
1628776344.921698,1628776344.934462,310,12.76397705078125,20,10,5,9122,1329,14,5,8838,983,
1628776345.96244,1628776345.975335,311,12.894868850708008,20,7,5,8857,1329,11,5,8699,983,
1628776347.017989,1628776347.030911,312,12.922048568725586,20,10,5,9123,1329,13,5,8839,983,
1628776348.073533,1628776348.087271,313,13.737916946411133,20,12,5,9295,1329,15,5,8927,983,
1628776349.117133,1628776349.130273,314,13.140201568603516,20,11,6,9203,1404,14,6,8877,1016,
1628776350.18272,1628776350.196267,315,13.546943664550781,20,9,5,9028,1329,13,5,8786,983,
1628776351.242123,1628776351.259676,316,17.553091049194336,20,7,5,8862,1329,11,5,8704,983,
1628776352.296327,1628776352.309155,317,12.827873229980469,20,9,5,9076,1329,13,5,8834,983,
1628776353.343553,1628776353.359137,318,15.583992004394531,20,11,5,9260,1326,15,5,8931,983,
1628776354.394267,1628776354.406738,319,12.47096061706543,20,10,5,9119,1329,13,5,8835,983,
1628776355.449472,1628776355.465989,320,16.517162322998047,20,9,5,9034,1329,13,5,8792,983,
1628776356.498926,1628776356.513112,321,14.18614387512207,20,10,5,9117,1329,14,5,8833,983,
1628776357.541612,1628776357.556521,322,14.909029006958008,20,9,5,9028,1329,13,5,8786,983,
1628776358.589167,1628776358.603359,323,14.191865921020508,20,11,5,9209,1329,15,5,8883,983,
1628776359.630903,1628776359.644661,324,13.757944107055664,20,9,5,9028,1329,13,5,8786,983,
1628776360.686071,1628776360.699453,325,13.382196426391602,20,11,5,9191,1329,15,5,8865,983,
1628776361.725419,1628776361.742578,326,17.158985137939453,20,10,5,9121,1329,13,5,8837,983,
1628776362.790136,1628776362.805689,327,15.552997589111328,20,10,5,9114,1329,14,5,8830,983,
1628776363.848995,1628776363.86243,328,13.435125350952148,20,9,5,9072,1329,13,5,8830,983,
1628776364.901864,1628776364.917363,329,15.498876571655273,20,11,5,9199,1329,15,5,8873,983,
1628776365.94142,1628776365.954478,330,13.057947158813477,20,11,5,9201,1329,15,5,8875,983,
1628776366.982887,1628776366.996101,331,13.213872909545898,20,9,5,9024,1329,13,5,8782,983,
1628776368.017478,1628776368.035111,332,17.63296127319336,20,10,5,9119,1329,13,5,8835,983,
1628776369.165801,1628776369.181515,333,15.713930130004883,20,7,5,8846,1329,11,5,8688,983,
1628776370.209142,1628776370.22272,334,13.577938079833984,20,9,5,9076,1326,13,5,8831,983,
1628776371.243892,1628776371.260801,335,16.909122467041016,20,9,5,9025,1329,13,5,8783,983,
1628776372.285793,1628776372.301129,336,15.336036682128906,20,7,5,8864,1329,11,5,8706,983,
1628776373.333444,1628776373.35298,337,19.53577995300293,20,9,5,9026,1329,13,5,8784,983,
1628776374.383186,1628776374.397545,338,14.358997344970703,20,8,5,8934,1331,11,5,8736,983,
1628776375.422699,1628776375.43493,339,12.231111526489258,20,7,7,8848,1475,11,7,8690,1045,
1628776376.464309,1628776376.477595,340,13.286113739013672,20,9,5,9078,1326,13,5,8833,983,
1628776377.506373,1628776377.522245,341,15.872001647949219,20,11,5,9255,1329,15,5,8929,983,
1628776378.553447,1628776378.567362,342,13.915061950683594,20,11,5,9210,1329,15,5,8884,983,
1628776379.594619,1628776379.607265,343,12.645959854125977,20,12,5,9286,1329,15,5,8918,983,
1628776380.660041,1628776380.674051,344,14.009952545166016,20,9,6,9082,1402,13,6,8838,1016,
1628776381.716789,1628776381.731691,345,14.901876449584961,20,7,5,8838,1329,11,5,8680,983,
1628776382.769643,1628776382.786407,346,16.763925552368164,20,9,5,9026,1329,13,5,8784,983,
1628776383.816565,1628776383.82932,347,12.75491714477539,20,8,5,8941,1329,11,5,8741,983,
1628776384.869056,1628776384.885618,348,16.56198501586914,20,8,5,8939,1329,11,5,8739,983,
1628776385.929733,1628776385.942867,349,13.134002685546875,20,9,5,9031,1329,13,5,8789,983,
1628776386.970195,1628776386.984254,350,14.058828353881836,20,7,5,8854,1329,11,5,8696,983,
1628776388.017497,1628776388.032372,351,14.874935150146484,20,11,5,9202,1329,15,5,8876,983,
1628776389.062543,1628776389.07717,352,14.62697982788086,20,10,5,9117,1329,13,5,8833,983,
1628776390.106138,1628776390.118776,353,12.638092041015625,20,10,5,9172,1326,14,5,8885,983,
1628776391.142604,1628776391.161177,354,18.57280731201172,20,9,5,9027,1329,13,5,8785,983,
1628776392.193604,1628776392.209313,355,15.70892333984375,20,7,5,8860,1329,11,5,8702,983,
1628776393.238278,1628776393.252883,356,14.605045318603516,20,10,5,9111,1329,13,5,8827,983,
1628776394.278299,1628776394.293495,357,15.195846557617188,20,9,5,9024,1329,13,5,8782,983,
1628776395.32743,1628776395.34152,358,14.09006118774414,20,10,7,9112,1475,13,7,8828,1045,
1628776396.373204,1628776396.388434,359,15.229940414428711,20,7,5,8842,1329,11,5,8684,983,
1628776397.44978,1628776397.463091,360,13.310909271240234,20,9,5,9026,1329,13,5,8784,983,
1628776398.494365,1628776398.509333,361,14.967918395996094,20,9,5,9028,1329,13,5,8786,983,
1628776399.546335,1628776399.562731,362,16.396045684814453,20,9,5,9036,1329,13,5,8794,983,
1628776400.595243,1628776400.611534,363,16.291141510009766,20,9,5,9025,1329,13,5,8783,983,
1628776401.641419,1628776401.658301,364,16.88218116760254,20,11,5,9204,1330,15,5,8878,984,
1628776402.68959,1628776402.70465,365,15.059947967529297,20,11,5,9198,1329,15,5,8872,983,
1628776403.730066,1628776403.742665,366,12.598991394042969,20,7,5,8861,1329,11,5,8703,983,
1628776404.781321,1628776404.795014,367,13.692855834960938,20,10,5,9115,1329,13,5,8831,983,
1628776405.820303,1628776405.836529,368,16.22605323791504,20,9,5,9036,1329,13,5,8794,983,
1628776406.87753,1628776406.889973,369,12.442827224731445,20,7,5,8899,1326,11,5,8738,983,
1628776407.92444,1628776407.938965,370,14.525175094604492,20,9,5,9077,1326,13,5,8832,983,
1628776408.972176,1628776408.989176,371,16.99995994567871,20,11,5,9198,1329,15,5,8872,983,
1628776410.017565,1628776410.031512,372,13.947010040283203,20,9,5,9037,1329,13,5,8795,983,
1628776411.054835,1628776411.067161,373,12.32600212097168,20,10,5,9119,1329,13,5,8835,983,
1628776412.094703,1628776412.107164,374,12.460947036743164,20,11,5,9205,1329,14,5,8879,983,
1628776413.137945,1628776413.151354,375,13.409137725830078,20,11,5,9211,1329,15,5,8885,983,
1628776414.175461,1628776414.189258,376,13.79704475402832,20,10,5,9114,1329,13,5,8830,983,
1628776415.226314,1628776415.239758,377,13.443946838378906,20,9,5,9027,1329,13,5,8785,983,
1628776416.268011,1628776416.286327,378,18.315792083740234,20,10,5,9118,1329,13,5,8834,983,
1628776417.318461,1628776417.334311,379,15.850067138671875,20,9,6,9033,1403,13,6,8791,1015,
1628776418.361272,1628776418.374976,380,13.70382308959961,20,10,5,9123,1329,13,5,8839,983,
1628776419.396279,1628776419.408996,381,12.717008590698242,20,9,5,9074,1329,13,5,8832,983,
1628776420.44589,1628776420.462117,382,16.227006912231445,20,10,5,9123,1329,14,5,8839,983,
1628776421.496781,1628776421.509298,383,12.516975402832031,20,10,5,9163,1326,14,5,8876,983,
1628776422.539046,1628776422.551946,384,12.89987564086914,20,10,5,9165,1327,14,5,8879,983,
1628776423.578189,1628776423.59315,385,14.961004257202148,20,11,5,9259,1327,15,5,8931,983,
1628776424.618832,1628776424.633026,386,14.19377326965332,20,12,5,9306,1329,15,5,8938,983,
1628776425.658723,1628776425.672969,387,14.245986938476562,20,10,5,9112,1329,13,5,8828,983,
1628776426.697787,1628776426.710728,388,12.94088363647461,20,7,5,8853,1329,11,5,8695,983,
1628776427.742162,1628776427.754908,389,12.746095657348633,20,12,5,9296,1329,15,5,8928,983,
1628776428.77656,1628776428.789054,390,12.49384880065918,20,8,5,8936,1329,11,5,8736,983,
1628776429.823631,1628776429.836338,391,12.706995010375977,20,7,5,8848,1329,11,5,8690,983,
1628776430.870334,1628776430.882632,392,12.298107147216797,20,12,5,9298,1329,15,5,8930,983,
1628776431.926062,1628776431.939328,393,13.265848159790039,20,7,5,8847,1329,11,5,8689,983,
1628776432.975521,1628776432.98815,394,12.628793716430664,20,7,7,8844,1475,11,7,8686,1045,
1628776434.020512,1628776434.032444,395,11.931896209716797,20,9,5,9079,1329,13,5,8837,983,
1628776435.057904,1628776435.070926,396,13.02194595336914,20,9,5,9022,1329,13,5,8780,983,
1628776436.104152,1628776436.119182,397,15.030145645141602,20,7,5,8854,1329,11,5,8696,983,
1628776437.158465,1628776437.170055,398,11.590003967285156,20,9,5,9080,1326,13,5,8835,983,
1628776438.20095,1628776438.214108,399,13.158082962036133,20,7,5,8849,1329,11,5,8691,983,
1628776439.241375,1628776439.253339,400,11.964082717895508,40,7,5,8845,1329,11,5,8687,983,
1628776440.280397,1628776440.294169,401,13.772010803222656,40,7,5,8853,1329,11,5,8695,983,
1628776441.325237,1628776441.337615,402,12.37797737121582,40,7,6,8846,1406,11,6,8690,1016,
1628776442.362168,1628776442.37456,403,12.392044067382812,40,7,5,8857,1329,11,5,8699,983,
1628776443.418443,1628776443.431478,404,13.035058975219727,40,9,5,9021,1329,13,5,8779,983,
1628776444.464289,1628776444.478299,405,14.009952545166016,40,7,5,8854,1329,11,5,8696,983,
1628776445.51779,1628776445.530659,406,12.868881225585938,40,7,5,8858,1329,11,5,8700,983,
1628776446.554021,1628776446.566918,407,12.897014617919922,40,7,5,8854,1329,11,5,8696,983,
1628776447.593645,1628776447.606063,408,12.417793273925781,40,7,5,8852,1329,11,5,8694,983,
1628776448.630759,1628776448.642295,409,11.535882949829102,40,9,5,9078,1329,13,5,8836,983,
1628776449.665861,1628776449.678612,410,12.751102447509766,40,7,5,8845,1329,11,5,8687,983,
1628776450.721894,1628776450.733529,411,11.635065078735352,40,7,5,8849,1329,11,5,8691,983,
1628776451.75893,1628776451.770387,412,11.456966400146484,40,7,5,8851,1329,11,5,8693,983,
1628776452.801678,1628776452.815012,413,13.334035873413086,40,7,5,8850,1329,11,5,8692,983,
1628776453.847024,1628776453.861253,414,14.229059219360352,40,7,5,8854,1329,11,5,8696,983,
1628776454.88668,1628776454.900398,415,13.718128204345703,40,7,5,8850,1329,11,5,8692,983,
1628776455.956024,1628776455.970761,416,14.737129211425781,40,9,5,9026,1329,13,5,8784,983,
1628776456.997599,1628776457.009386,417,11.787176132202148,40,7,5,8855,1329,11,5,8697,983,
1628776458.032718,1628776458.044717,418,11.999130249023438,40,9,5,9082,1326,13,5,8837,983,
1628776459.086217,1628776459.097902,419,11.68513298034668,40,9,5,9073,1326,13,5,8828,983,
1628776460.122786,1628776460.134245,420,11.458873748779297,40,9,5,9076,1326,13,5,8831,983,
1628776461.177141,1628776461.190265,421,13.12398910522461,40,7,5,8846,1329,11,5,8688,983,
1628776462.221503,1628776462.233143,422,11.640071868896484,40,7,5,8851,1329,11,5,8693,983,
1628776463.267383,1628776463.279016,423,11.632919311523438,40,9,5,9075,1327,13,5,8831,983,
1628776464.298391,1628776464.310313,424,11.921882629394531,40,9,5,9079,1326,13,5,8834,983,
1628776465.342305,1628776465.355168,425,12.8631591796875,40,7,5,8850,1329,11,5,8692,983,
1628776466.394475,1628776466.409638,426,15.162944793701172,40,7,5,8857,1329,11,5,8699,983,
1628776467.446686,1628776467.458883,427,12.197017669677734,40,7,5,8852,1330,11,5,8695,983,
1628776468.500649,1628776468.514711,428,14.061927795410156,40,9,5,9026,1329,13,5,8784,983,
1628776469.542037,1628776469.554906,429,12.868881225585938,40,7,5,8848,1329,11,5,8690,983,
1628776470.602381,1628776470.614056,430,11.675119400024414,40,7,5,8841,1329,11,5,8683,983,
1628776471.655178,1628776471.670581,431,15.403032302856445,40,9,5,9023,1329,13,5,8781,983,
1628776472.69805,1628776472.710067,432,12.017011642456055,40,7,5,8851,1329,11,5,8693,983,
1628776473.7363,1628776473.748436,433,12.135982513427734,40,9,5,9082,1329,13,5,8840,983,
1628776474.782273,1628776474.794951,434,12.677907943725586,40,7,5,8853,1329,11,5,8695,983,
1628776475.828189,1628776475.840999,435,12.809991836547852,40,9,5,9074,1329,13,5,8832,983,
1628776476.871448,1628776476.883411,436,11.962890625,40,7,5,8857,1329,11,5,8699,983,
1628776477.914335,1628776477.929496,437,15.16103744506836,40,7,5,8851,1329,11,5,8693,983,
1628776478.958936,1628776478.970615,438,11.678934097290039,40,7,5,8847,1329,11,5,8689,983,
1628776479.998756,1628776480.014221,439,15.465021133422852,40,11,5,9260,1329,15,5,8934,983,
1628776481.045716,1628776481.058065,440,12.34889030456543,40,7,5,8846,1329,11,5,8688,983,
1628776482.093396,1628776482.106261,441,12.865066528320312,40,7,5,8839,1329,11,5,8681,983,
1628776483.129122,1628776483.144895,442,15.77305793762207,40,7,5,8854,1329,11,5,8696,983,
1628776484.182922,1628776484.194349,443,11.427164077758789,40,7,5,8850,1329,11,5,8692,983,
1628776485.226265,1628776485.238512,444,12.247085571289062,40,7,5,8849,1329,11,5,8691,983,
1628776486.275281,1628776486.289385,445,14.104127883911133,40,11,5,9258,1329,15,5,8932,983,
1628776487.326784,1628776487.338157,446,11.373043060302734,40,7,5,8849,1329,11,5,8691,983,
1628776488.361319,1628776488.374651,447,13.331890106201172,40,9,5,9025,1329,13,5,8783,983,
1628776489.425158,1628776489.438474,448,13.315916061401367,40,9,5,9026,1329,13,5,8784,983,
1628776490.466139,1628776490.479295,449,13.155937194824219,40,7,5,8846,1329,11,5,8688,983,
1628776491.505469,1628776491.517716,450,12.246847152709961,40,7,5,8843,1329,11,5,8685,983,
1628776492.541509,1628776492.554162,451,12.653112411499023,40,7,5,8852,1329,11,5,8694,983,
1628776493.586667,1628776493.598715,452,12.048006057739258,40,7,5,8846,1329,11,5,8688,983,
1628776494.621647,1628776494.633336,453,11.689186096191406,40,7,5,8854,1329,11,5,8696,983,
1628776495.666504,1628776495.678189,454,11.68513298034668,40,7,5,8849,1329,11,5,8691,983,
1628776496.708929,1628776496.722502,455,13.572931289672852,40,9,5,9030,1329,13,5,8788,983,
1628776497.757517,1628776497.770718,456,13.200998306274414,40,7,5,8851,1329,11,5,8693,983,
1628776498.802076,1628776498.814113,457,12.036800384521484,40,7,5,8857,1329,11,5,8699,983,
1628776499.837269,1628776499.850878,458,13.608932495117188,40,11,5,9205,1329,15,5,8879,983,
1628776500.882787,1628776500.896065,459,13.278007507324219,40,7,5,8852,1329,11,5,8694,983,
1628776501.922389,1628776501.93749,460,15.100955963134766,40,9,5,9071,1326,13,5,8826,983,
1628776502.960899,1628776502.97599,461,15.0909423828125,40,9,5,9026,1329,13,5,8784,983,
1628776503.999671,1628776504.01402,462,14.348983764648438,40,7,5,8839,1329,11,5,8681,983,
1628776505.03965,1628776505.051305,463,11.655092239379883,40,9,5,9086,1326,13,5,8841,983,
1628776506.087924,1628776506.10178,464,13.855934143066406,40,7,5,8853,1329,11,5,8695,983,
1628776507.125251,1628776507.13811,465,12.858867645263672,40,7,5,8859,1329,11,5,8701,983,
1628776508.172189,1628776508.185231,466,13.041973114013672,40,7,5,8889,1326,11,5,8728,983,
1628776509.221267,1628776509.235466,467,14.199018478393555,40,11,5,9253,1329,15,5,8927,983,
1628776510.261279,1628776510.275345,468,14.065980911254883,40,7,5,8854,1329,11,5,8696,983,
1628776511.312516,1628776511.32496,469,12.444019317626953,40,9,5,9072,1326,13,5,8827,983,
1628776512.356961,1628776512.374,470,17.039060592651367,40,10,6,9123,1403,13,6,8839,1015,
1628776513.413764,1628776513.426798,471,13.03410530090332,40,9,5,9027,1329,13,5,8785,983,
1628776514.452996,1628776514.467054,472,14.05787467956543,40,10,5,9118,1329,13,5,8834,983,
1628776515.48725,1628776515.5058,473,18.54991912841797,40,9,5,9036,1329,13,5,8794,983,
1628776516.530127,1628776516.542892,474,12.764930725097656,40,9,5,9020,1329,13,5,8778,983,
1628776517.569911,1628776517.583142,475,13.231039047241211,40,9,5,9020,1329,13,5,8778,983,
1628776518.605905,1628776518.619026,476,13.120889663696289,40,10,5,9117,1329,14,5,8833,983,
1628776519.646468,1628776519.6602,477,13.732194900512695,40,10,5,9118,1329,13,5,8834,983,
1628776520.682297,1628776520.695148,478,12.85099983215332,40,9,5,9024,1329,13,5,8782,983,
1628776521.719077,1628776521.733979,479,14.901876449584961,40,9,5,9036,1329,13,5,8794,983,
1628776522.763388,1628776522.777624,480,14.235973358154297,40,10,5,9119,1330,13,5,8835,984,
1628776523.810352,1628776523.825728,481,15.375852584838867,40,10,5,9118,1329,13,5,8834,983,
1628776524.850051,1628776524.864112,482,14.06097412109375,40,11,5,9217,1329,15,5,8891,983,
1628776525.893705,1628776525.910128,483,16.42322540283203,40,11,5,9202,1329,15,5,8876,983,
1628776526.935422,1628776526.948933,484,13.510942459106445,40,7,6,8865,1404,11,6,8707,1016,
1628776527.978983,1628776527.993826,485,14.842987060546875,40,9,5,9080,1329,13,5,8838,983,
1628776529.018302,1628776529.033723,486,15.421152114868164,40,9,5,9020,1329,13,5,8778,983,
1628776530.065624,1628776530.083568,487,17.9440975189209,40,9,5,9032,1329,13,5,8790,983,
1628776531.125526,1628776531.140928,488,15.402078628540039,40,11,5,9210,1329,15,5,8884,983,
1628776532.164691,1628776532.177241,489,12.550115585327148,40,9,5,9086,1326,13,5,8841,983,
1628776533.203872,1628776533.218727,490,14.855146408081055,40,10,5,9120,1329,13,5,8836,983,
1628776534.244639,1628776534.258488,491,13.849020004272461,40,10,5,9116,1329,14,5,8832,983,
1628776535.282774,1628776535.298631,492,15.85698127746582,40,7,5,8856,1329,11,5,8698,983,
1628776536.322846,1628776536.337295,493,14.449119567871094,40,12,5,9298,1329,15,5,8930,983,
1628776537.358393,1628776537.371289,494,12.896060943603516,40,10,5,9110,1329,13,5,8826,983,
1628776538.406278,1628776538.41912,495,12.842178344726562,40,9,5,9030,1329,13,5,8788,983,
1628776539.446777,1628776539.461631,496,14.853954315185547,40,12,5,9293,1329,15,5,8925,983,
1628776540.489108,1628776540.503934,497,14.825820922851562,40,12,5,9292,1329,15,5,8924,983,
1628776541.534562,1628776541.550022,498,15.459775924682617,40,9,5,9025,1329,13,5,8783,983,
1628776542.578768,1628776542.592975,499,14.206886291503906,40,11,5,9203,1329,15,5,8877,983,
1628776543.615833,1628776543.62985,500,14.016866683959961,40,9,5,9023,1329,13,5,8781,983,
1628776544.657327,1628776544.672791,501,15.464067459106445,40,7,5,8859,1329,11,5,8701,983,
1628776545.704287,1628776545.719016,502,14.729022979736328,40,9,5,9079,1329,13,5,8837,983,
1628776546.754101,1628776546.768493,503,14.391899108886719,40,7,6,8850,1404,11,6,8692,1016,
1628776547.797669,1628776547.810854,504,13.18502426147461,40,12,5,9293,1329,15,5,8925,983,
1628776548.842385,1628776548.855425,505,13.039827346801758,40,10,5,9121,1329,14,5,8837,983,
1628776549.882585,1628776549.896844,506,14.258861541748047,40,9,5,9020,1329,13,5,8778,983,
1628776550.935417,1628776550.949812,507,14.394998550415039,40,7,5,8853,1329,11,5,8695,983,
1628776552.01133,1628776552.02519,508,13.860225677490234,40,10,5,9118,1329,13,5,8834,983,
1628776553.060042,1628776553.072459,509,12.417078018188477,40,7,5,8903,1326,11,5,8742,983,
1628776554.111882,1628776554.126031,510,14.148950576782227,40,10,5,9116,1329,13,5,8832,983,
1628776555.14909,1628776555.163094,511,14.003992080688477,40,10,5,9117,1329,13,5,8833,983,
1628776556.193922,1628776556.208733,512,14.811038970947266,40,11,5,9204,1329,14,5,8878,983,
1628776557.232115,1628776557.245138,513,13.022899627685547,40,9,5,9075,1329,13,5,8833,983,
1628776558.294879,1628776558.306786,514,11.907100677490234,40,7,5,8853,1329,11,5,8695,983,
1628776559.337598,1628776559.35307,515,15.471935272216797,40,12,5,9345,1329,16,5,8977,983,
1628776560.388007,1628776560.401565,516,13.558149337768555,40,9,7,9085,1472,13,7,8840,1045,
1628776561.441753,1628776561.454483,517,12.730121612548828,40,7,5,8845,1329,11,5,8687,983,
1628776562.489432,1628776562.502974,518,13.541936874389648,40,9,5,9032,1329,13,5,8790,983,
1628776563.540404,1628776563.553118,519,12.713909149169922,40,9,5,9083,1326,13,5,8838,983,
1628776564.590186,1628776564.601818,520,11.631965637207031,40,7,5,8840,1329,11,5,8682,983,
1628776565.645092,1628776565.658308,521,13.216018676757812,40,7,5,8859,1331,11,5,8703,983,
1628776566.71257,1628776566.726665,522,14.095067977905273,40,7,5,8850,1329,11,5,8692,983,
1628776567.762295,1628776567.774843,523,12.547969818115234,40,11,5,9254,1329,15,5,8928,983,
1628776568.802236,1628776568.814778,524,12.542009353637695,40,11,5,9254,1329,15,5,8928,983,
1628776569.84285,1628776569.854437,525,11.587142944335938,40,7,5,8847,1329,11,5,8689,983,
1628776570.89104,1628776570.904411,526,13.370990753173828,40,7,5,8854,1329,11,5,8696,983,
1628776571.930812,1628776571.942542,527,11.730194091796875,40,7,5,8846,1329,11,5,8688,983,
1628776572.983373,1628776572.996737,528,13.364076614379883,40,7,5,8856,1329,11,5,8698,983,
1628776574.026283,1628776574.038635,529,12.35198974609375,40,7,5,8846,1329,11,5,8688,983,
1628776575.069519,1628776575.081509,530,11.990070343017578,40,7,5,8850,1329,11,5,8692,983,
1628776576.117927,1628776576.129602,531,11.674880981445312,40,7,5,8852,1329,11,5,8694,983,
1628776577.16581,1628776577.177293,532,11.482954025268555,40,7,5,8852,1329,11,5,8694,983,
1628776578.205686,1628776578.21871,533,13.023853302001953,40,7,5,8858,1329,11,5,8700,983,
1628776579.255342,1628776579.266688,534,11.346101760864258,40,7,5,8851,1329,11,5,8693,983,
1628776580.294502,1628776580.309061,535,14.559030532836914,40,7,5,8856,1329,11,5,8698,983,
1628776581.352675,1628776581.365133,536,12.458086013793945,40,9,5,9021,1329,13,5,8779,983,
1628776582.392997,1628776582.405651,537,12.65406608581543,40,9,5,9087,1326,13,5,8842,983,
1628776583.434326,1628776583.446678,538,12.35198974609375,40,9,5,9027,1329,13,5,8785,983,
1628776584.474445,1628776584.486183,539,11.737823486328125,40,7,5,8842,1329,11,5,8684,983,
1628776585.518629,1628776585.532038,540,13.408899307250977,40,7,5,8847,1329,11,5,8689,983,
1628776586.560321,1628776586.573237,541,12.915849685668945,40,9,5,9080,1329,13,5,8838,983,
1628776587.618934,1628776587.630463,542,11.528968811035156,40,9,5,9085,1326,13,5,8840,983,
1628776588.652397,1628776588.665403,543,13.005971908569336,40,9,5,9084,1329,13,5,8842,983,
1628776589.703409,1628776589.714626,544,11.217117309570312,40,7,5,8848,1329,11,5,8690,983,
1628776590.748803,1628776590.762456,545,13.653039932250977,40,7,5,8844,1329,11,5,8686,983,
1628776591.793621,1628776591.807191,546,13.569831848144531,40,7,5,8854,1329,11,5,8696,983,
1628776592.835679,1628776592.847929,547,12.249946594238281,40,9,5,9070,1326,13,5,8825,983,
1628776593.878565,1628776593.893527,548,14.961957931518555,40,7,5,8844,1329,11,5,8686,983,
1628776594.919074,1628776594.932801,549,13.726949691772461,40,7,5,8851,1329,11,5,8693,983,
1628776595.953818,1628776595.966357,550,12.538909912109375,40,7,5,8858,1329,11,5,8700,983,
1628776596.993117,1628776597.006459,551,13.341903686523438,40,7,5,8845,1329,11,5,8687,983,
1628776598.034483,1628776598.047074,552,12.591123580932617,40,7,5,8855,1329,11,5,8697,983,
1628776599.071416,1628776599.082734,553,11.318206787109375,40,7,5,8848,1329,11,5,8690,983,
1628776600.114448,1628776600.126194,554,11.745929718017578,40,7,7,8853,1475,11,7,8695,1045,
1628776601.163635,1628776601.17495,555,11.314868927001953,40,7,5,8849,1329,11,5,8691,983,
1628776602.203806,1628776602.21873,556,14.924049377441406,40,11,5,9257,1329,15,5,8931,983,
1628776603.243651,1628776603.25501,557,11.358976364135742,40,9,5,9087,1326,13,5,8842,983,
1628776604.287538,1628776604.301064,558,13.525962829589844,40,7,5,8843,1329,11,5,8685,983,
1628776605.326145,1628776605.340927,559,14.781951904296875,40,7,5,8851,1329,11,5,8693,983,
1628776606.365718,1628776606.37854,560,12.822151184082031,40,7,5,8853,1329,11,5,8695,983,
1628776607.414417,1628776607.426173,561,11.755943298339844,40,7,5,8854,1329,11,5,8696,983,
1628776608.451394,1628776608.466802,562,15.407800674438477,40,11,5,9252,1329,15,5,8926,983,
1628776609.48995,1628776609.502721,563,12.771129608154297,40,7,5,8849,1329,11,5,8691,983,
1628776610.534257,1628776610.547047,564,12.78996467590332,40,7,5,8854,1329,11,5,8696,983,
1628776611.586875,1628776611.598405,565,11.529922485351562,40,7,5,8859,1329,11,5,8701,983,
1628776612.631442,1628776612.643148,566,11.705875396728516,40,7,5,8852,1329,11,5,8694,983,
1628776613.686664,1628776613.702131,567,15.466928482055664,40,7,5,8853,1329,11,5,8695,983,
1628776614.724929,1628776614.736972,568,12.042999267578125,40,7,5,8852,1329,11,5,8694,983,
1628776615.781341,1628776615.794188,569,12.846946716308594,40,7,5,8858,1329,11,5,8700,983,
1628776616.819036,1628776616.832663,570,13.627052307128906,40,9,5,9033,1329,13,5,8791,983,
1628776617.865249,1628776617.878245,571,12.996196746826172,40,7,5,8858,1329,11,5,8700,983,
1628776618.922324,1628776618.934033,572,11.708974838256836,40,7,5,8844,1329,11,5,8686,983,
1628776619.986029,1628776619.997426,573,11.397123336791992,40,7,5,8842,1329,11,5,8684,983,
1628776621.040206,1628776621.052332,574,12.125968933105469,40,9,5,9080,1326,13,5,8835,983,
1628776622.076633,1628776622.089347,575,12.713909149169922,40,9,5,9077,1329,13,5,8835,983,
1628776623.117656,1628776623.129691,576,12.034893035888672,40,11,5,9253,1329,15,5,8927,983,
1628776624.160825,1628776624.173359,577,12.533903121948242,40,7,7,8854,1475,11,7,8696,1045,
1628776625.206427,1628776625.218362,578,11.934995651245117,40,7,5,8851,1329,11,5,8693,983,
1628776626.240661,1628776626.253285,579,12.624025344848633,40,7,7,8850,1475,11,7,8692,1045,
1628776627.29709,1628776627.312856,580,15.765905380249023,40,9,5,9081,1329,13,5,8839,983,
1628776628.356846,1628776628.368987,581,12.140989303588867,40,7,6,8845,1404,11,6,8687,1016,
1628776629.401995,1628776629.418456,582,16.46113395690918,40,9,5,9028,1329,13,5,8786,983,
1628776630.455309,1628776630.46686,583,11.551141738891602,40,7,5,8848,1329,11,5,8690,983,
1628776631.505529,1628776631.517362,584,11.83319091796875,40,7,5,8846,1329,11,5,8688,983,
1628776632.558809,1628776632.570532,585,11.723041534423828,40,7,5,8851,1329,11,5,8693,983,
1628776633.623103,1628776633.634438,586,11.335134506225586,40,7,5,8857,1329,11,5,8699,983,
1628776634.663134,1628776634.674522,587,11.387825012207031,40,7,5,8845,1329,11,5,8687,983,
1628776635.718677,1628776635.730473,588,11.795997619628906,40,7,5,8848,1329,11,5,8690,983,
1628776636.780791,1628776636.794003,589,13.211965560913086,40,9,5,9078,1326,13,5,8833,983,
1628776637.822333,1628776637.834792,590,12.45880126953125,40,9,5,9035,1329,13,5,8793,983,
1628776638.871225,1628776638.882951,591,11.725902557373047,40,11,5,9265,1326,15,5,8936,983,
1628776639.91003,1628776639.922531,592,12.501001358032227,40,7,5,8862,1329,11,5,8704,983,
1628776640.949697,1628776640.961447,593,11.749982833862305,40,7,5,8842,1329,11,5,8684,983,
1628776641.982581,1628776641.994308,594,11.727094650268555,40,7,5,8856,1329,11,5,8698,983,
1628776643.013379,1628776643.026515,595,13.135910034179688,40,7,5,8850,1329,11,5,8692,983,
1628776644.062608,1628776644.074412,596,11.80410385131836,40,7,5,8854,1329,11,5,8696,983,
1628776645.099942,1628776645.111398,597,11.456012725830078,40,9,5,9084,1326,13,5,8839,983,
1628776646.138479,1628776646.150037,598,11.558055877685547,40,7,7,8855,1475,11,7,8697,1045,
1628776647.181939,1628776647.193486,599,11.547088623046875,40,9,5,9073,1326,13,5,8828,983,
1628776648.239621,1628776648.251425,600,11.80410385131836,40,7,5,8851,1329,11,5,8693,983,
1628776649.290177,1628776649.302622,601,12.44497299194336,40,9,5,9033,1329,13,5,8791,983,
1628776650.333325,1628776650.345655,602,12.330055236816406,40,7,5,8851,1329,11,5,8693,983,
1628776651.377067,1628776651.38931,603,12.242794036865234,40,9,5,9071,1326,13,5,8826,983,
1628776652.417928,1628776652.430936,604,13.00811767578125,40,7,5,8850,1329,11,5,8692,983,
1628776653.461592,1628776653.474046,605,12.454032897949219,40,7,5,8845,1329,11,5,8687,983,
1628776654.506173,1628776654.518531,606,12.35818862915039,40,7,5,8856,1329,11,5,8698,983,
1628776655.551646,1628776655.565134,607,13.488054275512695,40,7,5,8853,1329,11,5,8695,983,
1628776656.605366,1628776656.61857,608,13.204097747802734,40,9,5,9080,1329,13,5,8838,983,
1628776657.646145,1628776657.660955,609,14.809846878051758,40,7,5,8842,1329,11,5,8684,983,
1628776658.693199,1628776658.706714,610,13.514995574951172,40,9,5,9076,1329,13,5,8834,983,
1628776659.741023,1628776659.752477,611,11.453866958618164,40,7,5,8903,1326,11,5,8742,983,
1628776660.780814,1628776660.793671,612,12.85696029663086,40,7,5,8839,1329,11,5,8681,983,
1628776661.843529,1628776661.85556,613,12.031078338623047,40,11,5,9251,1329,15,5,8925,983,
1628776662.879862,1628776662.892657,614,12.794971466064453,40,11,5,9265,1329,15,5,8939,983,
1628776663.913202,1628776663.926653,615,13.450860977172852,40,7,5,8848,1329,11,5,8690,983,
1628776664.948784,1628776664.961087,616,12.302875518798828,40,7,5,8901,1326,11,5,8740,983,
1628776665.986436,1628776665.997626,617,11.190176010131836,40,7,5,8849,1329,11,5,8691,983,
1628776667.030078,1628776667.04251,618,12.432098388671875,40,7,5,8859,1329,11,5,8701,983,
1628776668.071951,1628776668.084734,619,12.783050537109375,40,7,5,8844,1329,11,5,8686,983,
1628776669.113588,1628776669.125465,620,11.876821517944336,40,9,5,9079,1329,13,5,8837,983,
1628776670.165463,1628776670.180868,621,15.404939651489258,40,7,7,8849,1475,11,7,8691,1045,
1628776671.214942,1628776671.226515,622,11.573076248168945,40,9,5,9082,1326,13,5,8837,983,
1628776672.255652,1628776672.269325,623,13.673067092895508,40,7,7,8856,1475,11,7,8698,1045,
1628776673.322323,1628776673.333647,624,11.323928833007812,40,7,5,8844,1329,11,5,8686,983,
1628776674.367225,1628776674.380503,625,13.278007507324219,40,11,5,9265,1329,15,5,8939,983,
1628776675.449231,1628776675.463311,626,14.080047607421875,40,7,5,8855,1329,11,5,8697,983,
1628776676.501541,1628776676.516942,627,15.401124954223633,40,7,5,8852,1329,11,5,8694,983,
1628776677.540691,1628776677.553858,628,13.167142868041992,40,9,5,9074,1326,13,5,8829,983,
1628776678.576274,1628776678.588934,629,12.660026550292969,40,9,5,9065,1329,13,5,8823,983,
1628776679.629186,1628776679.643931,630,14.744997024536133,40,7,5,8848,1329,11,5,8690,983,
1628776680.681389,1628776680.692985,631,11.595964431762695,40,7,5,8846,1329,11,5,8688,983,
1628776681.735608,1628776681.746794,632,11.185884475708008,40,9,5,9080,1329,13,5,8838,983,
1628776682.777155,1628776682.789394,633,12.23897933959961,40,7,5,8900,1326,11,5,8739,983,
1628776683.823317,1628776683.834818,634,11.500835418701172,40,9,5,9079,1326,13,5,8834,983,
1628776684.858483,1628776684.870327,635,11.84391975402832,40,9,5,9075,1326,13,5,8830,983,
1628776685.893768,1628776685.906797,636,13.028860092163086,40,9,5,9030,1329,13,5,8788,983,
1628776686.954325,1628776686.966744,637,12.418985366821289,40,11,5,9254,1329,15,5,8928,983,
1628776687.989806,1628776688.001705,638,11.898994445800781,40,7,5,8854,1329,11,5,8696,983,
1628776689.028629,1628776689.042165,639,13.53597640991211,40,9,5,9081,1329,13,5,8839,983,
1628776690.066422,1628776690.079144,640,12.722015380859375,40,7,5,8847,1329,11,5,8689,983,
1628776691.109542,1628776691.12218,641,12.638092041015625,40,7,5,8849,1329,11,5,8691,983,
1628776692.147132,1628776692.160696,642,13.564109802246094,40,9,5,9023,1329,13,5,8781,983,
1628776693.182481,1628776693.194791,643,12.310028076171875,40,7,5,8842,1329,11,5,8684,983,
1628776694.226225,1628776694.238056,644,11.831045150756836,40,7,5,8853,1329,11,5,8695,983,
1628776695.28687,1628776695.298758,645,11.88802719116211,40,9,5,9031,1329,13,5,8789,983,
1628776696.34002,1628776696.353126,646,13.106107711791992,40,7,5,8850,1329,11,5,8692,983,
1628776697.391596,1628776697.402889,647,11.29293441772461,40,9,5,9082,1326,13,5,8837,983,
1628776698.438056,1628776698.450257,648,12.201070785522461,40,7,5,8855,1329,11,5,8697,983,
1628776699.475056,1628776699.486541,649,11.485099792480469,40,7,5,8842,1329,11,5,8684,983,
1628776700.52906,1628776700.542338,650,13.278007507324219,40,11,5,9253,1326,15,5,8924,983,
1628776701.568112,1628776701.580957,651,12.845039367675781,40,7,5,8848,1329,11,5,8690,983,
1628776702.608857,1628776702.621103,652,12.246131896972656,40,7,5,8852,1329,11,5,8694,983,
1628776703.657835,1628776703.670788,653,12.953042984008789,40,9,5,9027,1329,13,5,8785,983,
1628776704.694449,1628776704.70621,654,11.760950088500977,40,7,5,8843,1329,11,5,8685,983,
1628776705.742477,1628776705.753889,655,11.41214370727539,40,9,5,9076,1326,13,5,8831,983,
1628776706.778938,1628776706.79379,656,14.852046966552734,40,9,5,9028,1329,13,5,8786,983,
1628776707.814308,1628776707.826334,657,12.026071548461914,40,7,5,8845,1329,11,5,8687,983,
1628776708.853701,1628776708.865311,658,11.609792709350586,40,7,5,8845,1329,11,5,8687,983,
1628776709.893007,1628776709.9069,659,13.892889022827148,40,7,5,8858,1329,11,5,8700,983,
1628776710.946187,1628776710.958815,660,12.62807846069336,40,7,5,8850,1329,11,5,8692,983,
1628776711.98478,1628776711.99672,661,11.94000244140625,40,7,5,8850,1329,11,5,8692,983,
1628776713.046395,1628776713.05887,662,12.475013732910156,40,7,5,8845,1329,11,5,8687,983,
1628776714.085965,1628776714.101041,663,15.076160430908203,40,7,5,8858,1329,11,5,8700,983,
1628776715.132879,1628776715.147008,664,14.128923416137695,40,7,5,8856,1329,11,5,8698,983,
1628776716.178068,1628776716.191074,665,13.005971908569336,40,9,5,9028,1329,13,5,8786,983,
1628776717.234574,1628776717.249196,666,14.621973037719727,40,7,5,8852,1329,11,5,8694,983,
1628776718.276026,1628776718.289274,667,13.247966766357422,40,7,5,8853,1329,11,5,8695,983,
1628776719.32276,1628776719.334206,668,11.445999145507812,40,7,5,8851,1329,11,5,8693,983,
1628776720.364103,1628776720.378009,669,13.906002044677734,40,9,5,9075,1329,13,5,8833,983,
1628776721.426649,1628776721.440842,670,14.192819595336914,40,7,5,8854,1329,11,5,8696,983,
1628776722.461805,1628776722.473752,671,11.946916580200195,40,7,5,8848,1329,11,5,8690,983,
1628776723.513768,1628776723.526183,672,12.414932250976562,40,7,5,8851,1329,11,5,8693,983,
1628776724.564929,1628776724.578866,673,13.936996459960938,40,9,5,9032,1329,13,5,8790,983,
1628776725.603033,1628776725.614542,674,11.508941650390625,40,7,5,8856,1329,11,5,8698,983,
1628776726.64659,1628776726.658682,675,12.092113494873047,40,7,5,8849,1329,11,5,8691,983,
1628776727.694263,1628776727.706764,676,12.501001358032227,40,9,5,9028,1329,13,5,8786,983,
1628776728.736945,1628776728.749074,677,12.129068374633789,40,7,5,8856,1329,11,5,8698,983,
1628776729.778048,1628776729.790084,678,12.035846710205078,40,7,5,8847,1329,11,5,8689,983,
1628776730.815917,1628776730.830267,679,14.349937438964844,40,9,5,9024,1329,13,5,8782,983,
1628776731.861328,1628776731.878092,680,16.764163970947266,40,9,5,9037,1329,13,5,8795,983,
1628776732.898687,1628776732.911131,681,12.444019317626953,40,7,5,8850,1329,11,5,8692,983,
1628776733.940534,1628776733.954085,682,13.550996780395508,40,9,5,9078,1329,13,5,8836,983,
1628776734.982421,1628776734.994445,683,12.024164199829102,40,7,5,8842,1329,11,5,8684,983,
1628776736.034757,1628776736.046132,684,11.375188827514648,40,7,5,8846,1329,11,5,8688,983,
1628776737.067951,1628776737.079501,685,11.549949645996094,40,7,5,8846,1329,11,5,8688,983,
1628776738.110735,1628776738.122349,686,11.614084243774414,40,7,5,8853,1329,11,5,8695,983,
1628776739.146984,1628776739.159838,687,12.853860855102539,40,9,5,9083,1329,13,5,8841,983,
1628776740.182417,1628776740.195116,688,12.699127197265625,40,7,5,8852,1329,11,5,8694,983,
1628776741.227668,1628776741.239178,689,11.509895324707031,40,9,5,9074,1326,13,5,8829,983,
1628776742.265009,1628776742.278508,690,13.499021530151367,40,7,5,8844,1329,11,5,8686,983,
1628776743.302342,1628776743.314257,691,11.914968490600586,40,9,5,9079,1326,13,5,8834,983,
1628776744.344155,1628776744.356708,692,12.552976608276367,40,7,5,8847,1329,11,5,8689,983,
1628776745.38011,1628776745.391742,693,11.631965637207031,40,9,5,9085,1329,13,5,8843,983,
1628776746.41101,1628776746.422501,694,11.491060256958008,40,7,5,8844,1329,11,5,8686,983,
1628776747.450366,1628776747.462201,695,11.835098266601562,40,7,5,8855,1329,11,5,8697,983,
1628776748.490438,1628776748.504513,696,14.075040817260742,40,7,5,8848,1329,11,5,8690,983,
1628776749.529256,1628776749.542548,697,13.29183578491211,40,7,5,8853,1329,11,5,8695,983,
1628776750.574518,1628776750.588352,698,13.833999633789062,40,11,5,9252,1329,15,5,8926,983,
1628776751.627171,1628776751.638517,699,11.345863342285156,40,7,5,8855,1329,11,5,8697,983,
1628776752.677058,1628776752.690423,700,13.365030288696289,40,7,5,8846,1329,11,5,8688,983,
1628776753.731031,1628776753.742333,701,11.301994323730469,40,7,5,8853,1329,11,5,8695,983,
1628776754.779714,1628776754.792418,702,12.703895568847656,40,9,5,9076,1329,13,5,8834,983,
1628776755.829024,1628776755.843271,703,14.246940612792969,40,7,5,8854,1329,11,5,8696,983,
1628776756.879705,1628776756.891065,704,11.359930038452148,40,9,5,9076,1327,13,5,8832,983,
1628776757.93281,1628776757.946219,705,13.408899307250977,40,7,5,8855,1329,11,5,8697,983,
1628776758.984858,1628776758.996969,706,12.11094856262207,40,7,5,8849,1329,11,5,8691,983,
1628776760.024584,1628776760.038378,707,13.7939453125,40,9,5,9075,1326,13,5,8830,983,
1628776761.082322,1628776761.09458,708,12.258052825927734,40,7,5,8842,1329,11,5,8684,983,
1628776762.144368,1628776762.156796,709,12.428045272827148,40,11,5,9248,1329,15,5,8922,983,
1628776763.185876,1628776763.197284,710,11.408090591430664,40,7,5,8852,1329,11,5,8694,983,
1628776764.247133,1628776764.259808,711,12.675046920776367,40,9,5,9026,1329,13,5,8784,983,
1628776765.317994,1628776765.329243,712,11.24882698059082,40,7,5,8847,1329,11,5,8689,983,
1628776766.353936,1628776766.36727,713,13.334035873413086,40,7,5,8853,1329,11,5,8695,983,
1628776767.398322,1628776767.411389,714,13.067007064819336,40,7,5,8852,1329,11,5,8694,983,
1628776768.446095,1628776768.458639,715,12.543916702270508,40,7,5,8849,1329,11,5,8691,983,
1628776769.503455,1628776769.514707,716,11.252164840698242,40,9,5,9081,1326,13,5,8836,983,
1628776770.558039,1628776770.574833,717,16.79396629333496,40,9,5,9022,1329,13,5,8780,983,
1628776771.622848,1628776771.63452,718,11.672019958496094,40,7,5,8850,1329,11,5,8692,983,
1628776772.68765,1628776772.6991,719,11.450052261352539,40,9,5,9081,1329,13,5,8839,983,
1628776773.732003,1628776773.744592,720,12.588977813720703,40,7,5,8844,1329,11,5,8686,983,
1628776774.765794,1628776774.778127,721,12.332916259765625,40,9,5,9034,1329,13,5,8792,983,
1628776775.803043,1628776775.817268,722,14.225006103515625,40,7,5,8848,1329,11,5,8690,983,
1628776776.845357,1628776776.859094,723,13.736963272094727,40,9,5,9027,1329,13,5,8785,983,
1628776777.883465,1628776777.89491,724,11.445045471191406,40,9,5,9080,1326,13,5,8835,983,
1628776778.922506,1628776778.936997,725,14.490842819213867,40,7,5,8850,1329,11,5,8692,983,
1628776779.965156,1628776779.976683,726,11.526823043823242,40,7,5,8854,1329,11,5,8696,983,
1628776781.014385,1628776781.026483,727,12.098073959350586,40,9,5,9031,1329,13,5,8789,983,
1628776782.053581,1628776782.06542,728,11.838912963867188,40,7,5,8853,1329,11,5,8695,983,
1628776783.102666,1628776783.114749,729,12.083053588867188,40,7,5,8848,1329,11,5,8690,983,
1628776784.143308,1628776784.157456,730,14.14799690246582,40,9,5,9080,1326,13,5,8835,983,
1628776785.189138,1628776785.203439,731,14.301061630249023,40,7,5,8850,1329,11,5,8692,983,
1628776786.238609,1628776786.254088,732,15.478849411010742,40,9,5,9032,1329,13,5,8790,983,
1628776787.285926,1628776787.299051,733,13.124942779541016,40,7,5,8845,1329,11,5,8687,983,
1628776788.32981,1628776788.34167,734,11.860132217407227,40,7,5,8849,1329,11,5,8691,983,
1628776789.362212,1628776789.374148,735,11.935949325561523,40,7,5,8855,1329,11,5,8697,983,
1628776790.398455,1628776790.410903,736,12.44807243347168,40,7,5,8848,1329,11,5,8690,983,
1628776791.437558,1628776791.450646,737,13.087987899780273,40,9,5,9026,1329,13,5,8784,983,
1628776792.490361,1628776792.50243,738,12.068986892700195,40,7,5,8844,1329,11,5,8686,983,
1628776793.537303,1628776793.550202,739,12.898921966552734,40,7,5,8849,1329,11,5,8691,983,
1628776794.578075,1628776794.590625,740,12.550115585327148,40,7,5,8847,1329,11,5,8689,983,
1628776795.626106,1628776795.638964,741,12.857913970947266,40,7,5,8849,1329,11,5,8691,983,
1628776796.671157,1628776796.684843,742,13.686180114746094,40,7,7,8849,1475,11,7,8691,1045,
1628776797.723116,1628776797.736811,743,13.695001602172852,40,7,5,8850,1329,11,5,8692,983,
1628776798.777673,1628776798.789039,744,11.365890502929688,40,7,5,8847,1329,11,5,8689,983,
1628776799.838436,1628776799.85024,745,11.80410385131836,40,7,5,8850,1329,11,5,8692,983,
1628776800.887486,1628776800.899025,746,11.538982391357422,40,7,5,8860,1329,11,5,8702,983,
1628776801.923148,1628776801.934613,747,11.465072631835938,40,7,5,8856,1329,11,5,8698,983,
1628776802.962708,1628776802.974244,748,11.536121368408203,40,7,5,8837,1329,11,5,8679,983,
1628776804.001687,1628776804.014584,749,12.897014617919922,40,7,5,8852,1329,11,5,8694,983,
1628776805.043548,1628776805.05506,750,11.511802673339844,40,7,5,8856,1329,11,5,8698,983,
1628776806.080088,1628776806.093327,751,13.239145278930664,40,13,5,9433,1329,17,5,9023,983,
1628776807.121584,1628776807.134016,752,12.432098388671875,40,7,5,8856,1329,11,5,8698,983,
1628776808.174108,1628776808.186476,753,12.367963790893555,40,7,5,8851,1329,11,5,8693,983,
1628776809.218374,1628776809.231329,754,12.954950332641602,40,9,5,9026,1329,13,5,8784,983,
1628776810.258292,1628776810.269562,755,11.27004623413086,40,7,5,8847,1329,11,5,8689,983,
1628776811.309213,1628776811.322592,756,13.379096984863281,40,9,7,9030,1475,13,7,8788,1045,
1628776812.357593,1628776812.370148,757,12.55488395690918,40,7,5,8854,1329,11,5,8696,983,
1628776813.411299,1628776813.422748,758,11.449098587036133,40,9,5,9079,1329,13,5,8837,983,
1628776814.46966,1628776814.483295,759,13.634920120239258,40,12,5,9304,1329,15,5,8936,983,
1628776815.522385,1628776815.534117,760,11.732101440429688,40,7,5,8852,1329,11,5,8694,983,
1628776816.568949,1628776816.583295,761,14.346122741699219,40,7,5,8845,1329,11,5,8687,983,
1628776817.614046,1628776817.628406,762,14.35995101928711,40,7,5,8859,1329,11,5,8701,983,
1628776818.672718,1628776818.684168,763,11.450052261352539,40,7,5,8845,1329,11,5,8687,983,
1628776819.715613,1628776819.727359,764,11.74616813659668,40,9,5,9084,1329,13,5,8842,983,
1628776820.756323,1628776820.769546,765,13.222932815551758,40,7,5,8846,1329,11,5,8688,983,
1628776821.797261,1628776821.810911,766,13.649940490722656,40,7,5,8858,1329,11,5,8700,983,
1628776822.843767,1628776822.856011,767,12.243986129760742,40,9,5,9083,1326,13,5,8838,983,
1628776823.884104,1628776823.897219,768,13.11492919921875,40,9,5,9073,1326,13,5,8828,983,
1628776824.922187,1628776824.937194,769,15.00701904296875,40,7,5,8846,1329,11,5,8688,983,
1628776825.986052,1628776826.000495,770,14.442920684814453,40,7,5,8850,1329,11,5,8692,983,
1628776827.032353,1628776827.046269,771,13.916015625,40,11,5,9252,1329,15,5,8926,983,
1628776828.070007,1628776828.08145,772,11.442899703979492,40,7,5,8848,1329,11,5,8690,983,
1628776829.103464,1628776829.114935,773,11.471033096313477,40,7,5,8861,1329,11,5,8703,983,
1628776830.144569,1628776830.157143,774,12.574195861816406,40,7,7,8854,1475,11,7,8696,1045,
1628776831.185993,1628776831.197507,775,11.513948440551758,40,7,5,8848,1329,11,5,8690,983,
1628776832.231169,1628776832.242532,776,11.363029479980469,40,7,5,8851,1329,11,5,8693,983,
1628776833.267604,1628776833.278975,777,11.37089729309082,40,7,5,8861,1329,11,5,8703,983,
1628776834.31138,1628776834.325484,778,14.104127883911133,40,7,7,8858,1475,11,7,8700,1045,
1628776835.349843,1628776835.362899,779,13.056039810180664,40,7,5,8844,1329,11,5,8686,983,
1628776836.394404,1628776836.406356,780,11.95216178894043,40,7,5,8855,1329,11,5,8697,983,
1628776837.43879,1628776837.450768,781,11.977910995483398,40,7,5,8856,1329,11,5,8698,983,
1628776838.482508,1628776838.497699,782,15.191078186035156,40,7,6,8853,1404,11,6,8695,1016,
1628776839.528039,1628776839.541203,783,13.164043426513672,40,7,5,8846,1329,11,5,8688,983,
1628776840.575107,1628776840.586657,784,11.549949645996094,40,7,5,8847,1329,11,5,8689,983,
1628776841.609452,1628776841.62211,785,12.657880783081055,40,7,5,8854,1329,11,5,8696,983,
1628776842.648417,1628776842.661563,786,13.145923614501953,40,7,5,8907,1326,11,5,8746,983,
1628776843.692661,1628776843.704134,787,11.472940444946289,40,7,5,8853,1329,11,5,8695,983,
1628776844.734022,1628776844.74691,788,12.888193130493164,40,7,5,8842,1329,11,5,8684,983,
1628776845.780844,1628776845.794759,789,13.915061950683594,40,7,5,8853,1329,11,5,8695,983,
1628776846.825884,1628776846.841281,790,15.396833419799805,40,7,5,8842,1329,11,5,8684,983,
1628776847.874831,1628776847.889228,791,14.397144317626953,40,11,5,9264,1329,15,5,8938,983,
1628776848.926879,1628776848.938278,792,11.399030685424805,40,7,5,8857,1329,11,5,8699,983,
1628776849.961642,1628776849.974395,793,12.753009796142578,40,7,5,8856,1329,11,5,8698,983,
1628776850.99882,1628776851.012914,794,14.093875885009766,40,9,5,9027,1329,13,5,8785,983,
1628776852.046117,1628776852.057728,795,11.610984802246094,40,7,5,8854,1329,11,5,8696,983,
1628776853.077945,1628776853.089618,796,11.6729736328125,40,7,5,8856,1329,11,5,8698,983,
1628776854.129994,1628776854.142877,797,12.883186340332031,40,9,5,9032,1329,13,5,8790,983,
1628776855.173881,1628776855.186886,798,13.00501823425293,40,7,5,8850,1329,11,5,8692,983,
1628776856.210734,1628776856.222033,799,11.29913330078125,40,7,5,8852,1329,11,5,8694,983,
1628776857.243479,1628776857.255364,800,11.884927749633789,40,7,5,8855,1329,11,5,8697,983,
1628776858.279061,1628776858.290463,801,11.401891708374023,40,9,5,9081,1329,13,5,8839,983,
1628776859.315261,1628776859.329288,802,14.027118682861328,40,7,5,8855,1329,11,5,8697,983,
1628776860.35258,1628776860.366749,803,14.168977737426758,40,9,5,9018,1329,13,5,8776,983,
1628776861.396485,1628776861.409573,804,13.087987899780273,40,7,7,8844,1475,11,7,8686,1045,
1628776862.444232,1628776862.458441,805,14.20903205871582,40,9,5,9082,1326,13,5,8837,983,
1628776863.489949,1628776863.504907,806,14.957904815673828,40,7,5,8856,1329,11,5,8698,983,
1628776864.529723,1628776864.544695,807,14.97197151184082,40,7,5,8849,1329,11,5,8691,983,
1628776865.579187,1628776865.590733,808,11.546134948730469,40,7,5,8849,1329,11,5,8691,983,
1628776866.623932,1628776866.637277,809,13.345003128051758,40,9,5,9077,1329,13,5,8835,983,
1628776867.68462,1628776867.6977,810,13.080120086669922,40,9,5,9082,1329,13,5,8840,983,
1628776868.723426,1628776868.734925,811,11.49892807006836,40,9,5,9071,1326,13,5,8826,983,
1628776869.769443,1628776869.782258,812,12.814998626708984,40,9,5,9082,1326,13,5,8837,983,
1628776870.811581,1628776870.823153,813,11.572122573852539,40,9,5,9083,1326,13,5,8838,983,
1628776871.86554,1628776871.879201,814,13.660907745361328,40,7,5,8859,1329,11,5,8701,983,
1628776872.922423,1628776872.934373,815,11.950016021728516,40,7,5,8852,1329,11,5,8694,983,
1628776873.973613,1628776873.986513,816,12.89987564086914,40,9,5,9023,1329,13,5,8781,983,
1628776875.020981,1628776875.034972,817,13.99087905883789,40,7,5,8854,1329,11,5,8696,983,
1628776876.057989,1628776876.070232,818,12.243032455444336,40,7,5,8842,1329,11,5,8684,983,
1628776877.099833,1628776877.111322,819,11.488914489746094,40,9,5,9084,1329,13,5,8842,983,
1628776878.147692,1628776878.159398,820,11.706113815307617,40,9,5,9070,1326,13,5,8825,983,
1628776879.183993,1628776879.195485,821,11.492013931274414,40,9,5,9078,1329,13,5,8836,983,
1628776880.225961,1628776880.238525,822,12.563943862915039,40,7,5,8851,1329,11,5,8693,983,
1628776881.265741,1628776881.278547,823,12.805938720703125,40,7,5,8848,1329,11,5,8690,983,
1628776882.305667,1628776882.318828,824,13.161182403564453,40,9,5,9029,1329,13,5,8787,983,
1628776883.341663,1628776883.354262,825,12.59922981262207,40,7,5,8850,1329,11,5,8692,983,
1628776884.393415,1628776884.405984,826,12.568950653076172,40,8,5,8949,1329,11,5,8749,983,
1628776885.435958,1628776885.447485,827,11.527061462402344,40,9,5,9084,1329,13,5,8842,983,
1628776886.471425,1628776886.482755,828,11.329889297485352,40,9,5,9083,1326,13,5,8838,983,
1628776887.507732,1628776887.521203,829,13.471126556396484,40,7,5,8843,1329,11,5,8685,983,
1628776888.55101,1628776888.562598,830,11.588096618652344,40,9,5,9079,1326,13,5,8834,983,
1628776889.586401,1628776889.598254,831,11.85297966003418,40,9,5,9079,1326,13,5,8834,983,
1628776890.631767,1628776890.643031,832,11.263847351074219,40,9,5,9074,1326,13,5,8829,983,
1628776891.680295,1628776891.693342,833,13.046979904174805,40,9,5,9085,1329,13,5,8843,983,
1628776892.725801,1628776892.738342,834,12.541055679321289,40,7,5,8845,1329,11,5,8687,983,
1628776893.769408,1628776893.785935,835,16.52693748474121,40,7,5,8843,1329,11,5,8685,983,
1628776894.811466,1628776894.822753,836,11.28697395324707,40,7,5,8843,1329,11,5,8685,983,
1628776895.853368,1628776895.866379,837,13.010978698730469,40,7,5,8853,1329,11,5,8695,983,
1628776896.891193,1628776896.903111,838,11.918067932128906,40,11,5,9253,1329,15,5,8927,983,
1628776897.92491,1628776897.938513,839,13.602972030639648,40,9,5,9076,1329,13,5,8834,983,
1628776898.96183,1628776898.974792,840,12.962102890014648,40,7,5,8841,1329,11,5,8683,983,
1628776900.001352,1628776900.016408,841,15.05589485168457,40,7,5,8902,1326,11,5,8741,983,
1628776901.044375,1628776901.055948,842,11.573076248168945,40,9,5,9076,1326,13,5,8831,983,
1628776902.07678,1628776902.090322,843,13.541936874389648,40,9,5,9077,1326,13,5,8832,983,
1628776903.120585,1628776903.133855,844,13.270139694213867,40,7,5,8850,1329,11,5,8692,983,
1628776904.164863,1628776904.178221,845,13.357877731323242,40,9,7,9023,1475,13,7,8781,1045,
1628776905.209774,1628776905.221448,846,11.673927307128906,40,7,7,8859,1475,11,7,8701,1045,
1628776906.246433,1628776906.258079,847,11.646032333374023,40,7,5,8848,1329,11,5,8690,983,
1628776907.297769,1628776907.310813,848,13.043880462646484,40,9,5,9029,1329,13,5,8787,983,
1628776908.351756,1628776908.364335,849,12.578964233398438,40,7,5,8849,1329,11,5,8691,983,
1628776909.389222,1628776909.402425,850,13.203144073486328,40,7,5,8847,1329,11,5,8689,983,
1628776910.44345,1628776910.456873,851,13.422966003417969,40,7,5,8849,1329,11,5,8691,983,
1628776911.488666,1628776911.503661,852,14.99485969543457,40,9,5,9077,1326,13,5,8832,983,
1628776912.543835,1628776912.555827,853,11.99197769165039,40,7,5,8848,1329,11,5,8690,983,
1628776913.586017,1628776913.598605,854,12.588024139404297,40,7,5,8845,1329,11,5,8687,983,
1628776914.64842,1628776914.66104,855,12.619972229003906,40,9,5,9083,1326,13,5,8838,983,
1628776915.697952,1628776915.71072,856,12.768030166625977,40,7,5,8844,1329,11,5,8686,983,
1628776916.737384,1628776916.750205,857,12.820959091186523,40,7,5,8853,1329,11,5,8695,983,
1628776917.775925,1628776917.789144,858,13.219118118286133,40,7,5,8845,1329,11,5,8687,983,
1628776918.813678,1628776918.826439,859,12.76087760925293,40,7,5,8861,1329,11,5,8703,983,
1628776919.853252,1628776919.866485,860,13.233184814453125,40,7,5,8854,1329,11,5,8696,983,
1628776920.895341,1628776920.906875,861,11.533975601196289,40,7,5,8853,1329,11,5,8695,983,
1628776921.945256,1628776921.957556,862,12.30001449584961,40,9,5,9075,1329,13,5,8833,983,
1628776922.984364,1628776922.998671,863,14.307022094726562,40,7,5,8851,1329,11,5,8693,983,
1628776924.030445,1628776924.042446,864,12.000799179077148,40,11,5,9243,1326,15,5,8914,983,
1628776925.071319,1628776925.082897,865,11.577844619750977,40,9,5,9088,1326,13,5,8843,983,
1628776926.105772,1628776926.11753,866,11.758089065551758,40,7,5,8850,1329,11,5,8692,983,
1628776927.14595,1628776927.157496,867,11.545896530151367,40,7,5,8858,1329,11,5,8700,983,
1628776928.188451,1628776928.202064,868,13.612985610961914,40,9,5,9075,1326,13,5,8830,983,
1628776929.242278,1628776929.256509,869,14.230966567993164,40,7,5,8854,1329,11,5,8696,983,
1628776930.295087,1628776930.308899,870,13.811826705932617,40,7,5,8850,1329,11,5,8692,983,
1628776931.3463,1628776931.360433,871,14.133214950561523,40,7,5,8851,1329,11,5,8693,983,
1628776932.409483,1628776932.425299,872,15.815973281860352,40,7,5,8850,1329,11,5,8692,983,
1628776933.463725,1628776933.477151,873,13.425827026367188,40,7,5,8855,1330,11,5,8697,984,
1628776934.498961,1628776934.51059,874,11.629104614257812,40,7,7,8848,1475,11,7,8690,1045,
1628776935.558939,1628776935.571241,875,12.301921844482422,40,7,5,8844,1329,11,5,8686,983,
1628776936.626032,1628776936.638121,876,12.088775634765625,40,7,5,8849,1329,11,5,8691,983,
1628776937.682081,1628776937.695244,877,13.163089752197266,40,7,5,8853,1329,11,5,8695,983,
1628776938.723078,1628776938.736819,878,13.741016387939453,40,11,5,9250,1329,15,5,8924,983,
1628776939.775101,1628776939.786943,879,11.842012405395508,40,7,5,8855,1329,11,5,8697,983,
1628776940.818212,1628776940.834227,880,16.015052795410156,40,7,5,8851,1329,11,5,8693,983,
1628776941.858349,1628776941.870909,881,12.559890747070312,40,7,5,8857,1329,11,5,8699,983,
1628776942.915655,1628776942.930303,882,14.648199081420898,40,7,5,8853,1329,11,5,8695,983,
1628776943.953823,1628776943.967558,883,13.734817504882812,40,7,5,8845,1329,11,5,8687,983,
1628776944.990191,1628776945.002806,884,12.614965438842773,40,7,7,8847,1475,11,7,8689,1045,
1628776946.028324,1628776946.041377,885,13.053178787231445,40,7,5,8848,1329,11,5,8690,983,
1628776947.064801,1628776947.076902,886,12.100934982299805,40,7,5,8849,1329,11,5,8691,983,
1628776948.106169,1628776948.118915,887,12.746095657348633,40,9,5,9031,1329,13,5,8789,983,
1628776949.141144,1628776949.156261,888,15.11693000793457,40,9,5,9076,1329,13,5,8834,983,
1628776950.187069,1628776950.198641,889,11.572122573852539,40,7,5,8852,1329,11,5,8694,983,
1628776951.220643,1628776951.232963,890,12.32004165649414,40,7,5,8851,1329,11,5,8693,983,
1628776952.276239,1628776952.288499,891,12.260198593139648,40,7,5,8855,1329,11,5,8697,983,
1628776953.319837,1628776953.333179,892,13.341903686523438,40,9,5,9078,1329,13,5,8836,983,
1628776954.358999,1628776954.37044,893,11.44099235534668,40,7,5,8849,1329,11,5,8691,983,
1628776955.406729,1628776955.419023,894,12.29405403137207,40,7,5,8857,1329,11,5,8699,983,
1628776956.445566,1628776956.45726,895,11.693954467773438,40,7,6,8852,1404,11,6,8694,1016,
1628776957.483697,1628776957.495328,896,11.631011962890625,40,9,5,9079,1326,13,5,8834,983,
1628776958.526688,1628776958.538668,897,11.979818344116211,40,7,5,8851,1329,11,5,8693,983,
1628776959.571601,1628776959.583264,898,11.663198471069336,40,9,5,9073,1326,13,5,8828,983,
1628776960.609574,1628776960.623143,899,13.568878173828125,40,11,5,9257,1329,15,5,8931,983,
1628776961.657731,1628776961.672773,900,15.041828155517578,40,7,5,8847,1329,11,5,8689,983,
1628776962.703089,1628776962.715152,901,12.063026428222656,40,9,5,9087,1326,13,5,8842,983,
1628776963.745789,1628776963.758739,902,12.949943542480469,40,9,5,9033,1329,13,5,8791,983,
1628776964.782336,1628776964.797228,903,14.892101287841797,40,7,5,8853,1329,11,5,8695,983,
1628776965.828992,1628776965.842159,904,13.167142868041992,40,7,5,8842,1329,11,5,8684,983,
1628776966.898989,1628776966.910543,905,11.55400276184082,40,7,5,8852,1329,11,5,8694,983,
1628776967.937634,1628776967.950792,906,13.158082962036133,40,7,5,8846,1329,11,5,8688,983,
1628776968.984955,1628776968.99831,907,13.355016708374023,40,7,5,8849,1329,11,5,8691,983,
1628776970.025649,1628776970.038201,908,12.552022933959961,40,7,5,8842,1329,11,5,8684,983,
1628776971.059847,1628776971.073243,909,13.39578628540039,40,7,5,8851,1329,11,5,8693,983,
1628776972.101669,1628776972.114607,910,12.93802261352539,40,7,5,8846,1329,11,5,8688,983,
1628776973.142517,1628776973.154383,911,11.865854263305664,40,7,5,8848,1329,11,5,8690,983,
1628776974.209436,1628776974.222434,912,12.998104095458984,40,9,5,9077,1326,13,5,8832,983,
1628776975.24725,1628776975.260144,913,12.893915176391602,40,7,5,8846,1329,11,5,8688,983,
1628776976.294416,1628776976.306507,914,12.09115982055664,40,7,5,8838,1329,11,5,8680,983,
1628776977.33818,1628776977.350747,915,12.56704330444336,40,9,5,9026,1329,13,5,8784,983,
1628776978.387901,1628776978.399446,916,11.544942855834961,40,9,5,9086,1329,13,5,8844,983,
1628776979.419357,1628776979.434296,917,14.938831329345703,40,7,5,8847,1329,11,5,8689,983,
1628776980.462286,1628776980.474639,918,12.352943420410156,40,9,5,9027,1329,13,5,8785,983,
1628776981.497747,1628776981.509224,919,11.476993560791016,40,7,5,8855,1329,11,5,8697,983,
1628776982.534604,1628776982.546613,920,12.008905410766602,40,7,5,8855,1329,11,5,8697,983,
1628776983.59325,1628776983.607803,921,14.553070068359375,40,9,5,9027,1329,13,5,8785,983,
1628776984.630183,1628776984.642525,922,12.341976165771484,40,9,5,9078,1326,13,5,8833,983,
1628776985.682524,1628776985.694759,923,12.234926223754883,40,7,5,8847,1329,11,5,8689,983,
1628776986.728698,1628776986.742659,924,13.961076736450195,40,7,5,8853,1329,11,5,8695,983,
1628776987.770509,1628776987.782054,925,11.544942855834961,40,9,5,9068,1326,13,5,8823,983,
1628776988.810135,1628776988.822398,926,12.263059616088867,40,7,5,8850,1329,11,5,8692,983,
1628776989.854343,1628776989.868311,927,13.96799087524414,40,7,5,8854,1329,11,5,8696,983,
1628776990.897647,1628776990.910188,928,12.541055679321289,40,7,5,8858,1329,11,5,8700,983,
1628776991.945734,1628776991.958511,929,12.777090072631836,40,7,5,8843,1329,11,5,8685,983,
1628776992.982645,1628776992.997193,930,14.548063278198242,40,7,5,8845,1329,11,5,8687,983,
1628776994.021937,1628776994.038016,931,16.079187393188477,40,9,5,9022,1329,13,5,8780,983,
1628776995.069493,1628776995.082117,932,12.624025344848633,40,7,5,8852,1329,11,5,8694,983,
1628776996.107899,1628776996.121193,933,13.293981552124023,40,9,5,9030,1329,13,5,8788,983,
1628776997.146353,1628776997.158258,934,11.90495491027832,40,7,5,8850,1329,11,5,8692,983,
1628776998.183204,1628776998.195043,935,11.839151382446289,40,7,5,8842,1329,11,5,8684,983,
1628776999.222116,1628776999.234764,936,12.64810562133789,40,9,5,9037,1329,13,5,8795,983,
1628777000.268415,1628777000.281748,937,13.33308219909668,40,9,5,9023,1329,13,5,8781,983,
1628777001.306066,1628777001.319005,938,12.938976287841797,40,9,5,9024,1329,13,5,8782,983,
1628777002.354513,1628777002.366388,939,11.875152587890625,40,7,5,8858,1329,11,5,8700,983,
1628777003.394937,1628777003.408752,940,13.814926147460938,40,7,5,8847,1329,11,5,8689,983,
1628777004.436023,1628777004.449659,941,13.636112213134766,40,9,5,9078,1327,13,5,8833,984,
1628777005.475971,1628777005.48821,942,12.23897933959961,40,9,5,9077,1328,13,5,8834,983,
1628777006.51534,1628777006.526924,943,11.583805084228516,40,9,5,9081,1326,13,5,8836,983,
1628777007.557783,1628777007.570194,944,12.411117553710938,40,7,5,8846,1329,11,5,8688,983,
1628777008.595457,1628777008.607226,945,11.768817901611328,40,9,5,9071,1327,13,5,8827,983,
1628777009.63728,1628777009.650267,946,12.986898422241211,40,7,5,8851,1329,11,5,8693,983,
1628777010.678207,1628777010.691169,947,12.962102890014648,40,7,5,8852,1329,11,5,8694,983,
1628777011.722379,1628777011.734962,948,12.583017349243164,40,7,5,8853,1329,11,5,8695,983,
1628777012.75754,1628777012.773094,949,15.553951263427734,40,9,5,9032,1329,13,5,8790,983,
1628777013.806892,1628777013.819139,950,12.247085571289062,40,7,5,8854,1329,11,5,8696,983,
1628777014.847106,1628777014.858833,951,11.727094650268555,40,7,5,8854,1329,11,5,8696,983,
1628777015.884476,1628777015.9004,952,15.92397689819336,40,9,5,9028,1329,13,5,8786,983,
1628777016.922412,1628777016.934875,953,12.463092803955078,40,9,5,9030,1329,13,5,8788,983,
1628777017.969489,1628777017.981502,954,12.012958526611328,40,7,5,8855,1329,11,5,8697,983,
1628777019.00837,1628777019.021781,955,13.41104507446289,40,7,5,8846,1329,11,5,8688,983,
1628777020.042908,1628777020.054461,956,11.553049087524414,40,7,5,8844,1329,11,5,8686,983,
1628777021.075414,1628777021.086963,957,11.548995971679688,40,7,5,8856,1329,11,5,8698,983,
1628777022.114743,1628777022.126384,958,11.64102554321289,40,7,5,8857,1329,11,5,8699,983,
1628777023.151371,1628777023.163068,959,11.697053909301758,40,9,5,9076,1326,13,5,8831,983,
1628777024.186242,1628777024.198837,960,12.594938278198242,40,9,5,9025,1329,13,5,8783,983,
1628777025.223409,1628777025.234779,961,11.369943618774414,40,9,5,9087,1326,13,5,8842,983,
1628777026.261569,1628777026.273644,962,12.074947357177734,40,7,5,8854,1329,11,5,8696,983,
1628777027.301391,1628777027.314744,963,13.353109359741211,40,7,5,8850,1329,11,5,8692,983,
1628777028.350793,1628777028.362758,964,11.965036392211914,40,7,5,8842,1329,11,5,8684,983,
1628777029.41714,1628777029.430772,965,13.632059097290039,40,7,5,8854,1329,11,5,8696,983,
1628777030.465303,1628777030.478502,966,13.199090957641602,40,7,5,8858,1329,11,5,8700,983,
1628777031.518191,1628777031.530796,967,12.604951858520508,40,9,5,9039,1329,13,5,8797,983,
1628777032.562905,1628777032.575968,968,13.06295394897461,40,7,5,8844,1329,11,5,8686,983,
1628777033.614639,1628777033.626251,969,11.6119384765625,40,7,5,8848,1329,11,5,8690,983,
1628777034.653365,1628777034.666832,970,13.467073440551758,40,9,5,9028,1329,13,5,8786,983,
1628777035.691713,1628777035.704661,971,12.947797775268555,40,7,5,8853,1329,11,5,8695,983,
1628777036.740998,1628777036.754471,972,13.473033905029297,40,7,5,8847,1329,11,5,8689,983,
1628777037.782705,1628777037.794499,973,11.793851852416992,40,9,5,9083,1326,13,5,8838,983,
1628777038.822397,1628777038.837559,974,15.161991119384766,40,9,5,9029,1329,13,5,8787,983,
1628777039.866386,1628777039.879339,975,12.953042984008789,40,7,5,8854,1329,11,5,8696,983,
1628777040.910207,1628777040.923121,976,12.913942337036133,40,9,5,9019,1329,13,5,8777,983,
1628777041.957707,1628777041.970892,977,13.18502426147461,40,7,5,8846,1329,11,5,8688,983,
1628777043.0007,1628777043.014291,978,13.59105110168457,40,10,5,9112,1329,14,5,8828,983,
1628777044.034359,1628777044.048569,979,14.209985733032227,40,10,5,9118,1329,13,5,8834,983,
1628777045.078744,1628777045.092674,980,13.930082321166992,40,7,6,8863,1404,11,6,8705,1016,
1628777046.126144,1628777046.138797,981,12.653112411499023,40,7,5,8856,1329,11,5,8698,983,
1628777047.161714,1628777047.175641,982,13.926982879638672,40,10,5,9119,1329,14,5,8835,983,
1628777048.201996,1628777048.214139,983,12.14289665222168,40,7,5,8895,1326,11,5,8734,983,
1628777049.246503,1628777049.261322,984,14.818906784057617,40,9,5,9030,1329,13,5,8788,983,
1628777050.283156,1628777050.296645,985,13.489007949829102,40,12,5,9344,1327,16,5,8974,983,
1628777051.323115,1628777051.33668,986,13.564825057983398,40,10,5,9119,1329,13,5,8835,983,
1628777052.36621,1628777052.378787,987,12.577056884765625,40,7,5,8857,1329,11,5,8699,983,
1628777053.402853,1628777053.418258,988,15.404939651489258,40,9,5,9038,1329,13,5,8796,983,
1628777054.456741,1628777054.470015,989,13.273954391479492,40,10,5,9110,1329,13,5,8826,983,
1628777055.496889,1628777055.512742,990,15.852928161621094,40,7,5,8838,1329,11,5,8680,983,
1628777056.536888,1628777056.551379,991,14.491081237792969,40,10,5,9127,1329,13,5,8843,983,
1628777057.581463,1628777057.594804,992,13.340950012207031,40,9,5,9030,1329,13,5,8788,983,
1628777058.620615,1628777058.639234,993,18.619060516357422,40,9,5,9079,1326,13,5,8834,983,
1628777059.666384,1628777059.678982,994,12.598037719726562,40,10,5,9121,1329,13,5,8837,983,
1628777060.714627,1628777060.729472,995,14.844894409179688,40,9,5,9084,1329,13,5,8842,983,
1628777061.772937,1628777061.786831,996,13.893842697143555,40,10,5,9120,1329,13,5,8836,983,
1628777062.813249,1628777062.827527,997,14.277935028076172,40,11,5,9206,1329,15,5,8880,983,
1628777063.877994,1628777063.891112,998,13.11802864074707,40,9,5,9026,1329,13,5,8784,983,
