Start timestamp (s),End timestamp (s),Handshake number,Handshake duration (ms),Algorithm,Num Samples,Experiment Type,Type Value,Number of handshake packets,Number of payload packets,Number of handshake bytes,Number of payload bytes,Number of long headers,Number of short headers,Bytes for long headers,Bytes for short headers
1634668416,1634668416,0,378.7891865,falcon1024,1000,drop,RddjaknVjh.pcap,11,4,5911,228,0,0,0,0
1634668420,1634668420,1,369.9450493,falcon1024,1000,drop,RddjaknVjh.pcap,11,4,5911,228,0,0,0,0
1634668424,1634668425,2,337.6948833,falcon1024,1000,drop,RddjaknVjh.pcap,11,4,5909,228,0,0,0,0
1634668428,1634668429,3,342.1881199,falcon1024,1000,drop,RddjaknVjh.pcap,12,4,5969,228,0,0,0,0
1634668432,1634668433,4,376.7228127,falcon1024,1000,drop,RddjaknVjh.pcap,12,4,5971,228,0,0,0,0
1634668437,1634668437,5,384.7129345,falcon1024,1000,drop,RddjaknVjh.pcap,12,4,5969,228,0,0,0,0
1634668441,1634668441,6,393.0020332,falcon1024,1000,drop,RddjaknVjh.pcap,11,4,5914,228,0,0,0,0
1634668445,1634668445,7,348.0439186,falcon1024,1000,drop,RddjaknVjh.pcap,11,4,5908,228,0,0,0,0
1634668449,1634668449,8,340.4679298,falcon1024,1000,drop,RddjaknVjh.pcap,12,4,5973,228,0,0,0,0
1634668453,1634668454,9,345.1831341,falcon1024,1000,drop,RddjaknVjh.pcap,12,4,5968,228,0,0,0,0
1634668457,1634668458,10,360.3789806,falcon1024,1000,drop,RddjaknVjh.pcap,11,4,5913,228,0,0,0,0
1634668462,1634668462,11,376.1260509,falcon1024,1000,drop,RddjaknVjh.pcap,12,4,5974,228,0,0,0,0
1634668466,1634668466,12,363.02495,falcon1024,1000,drop,RddjaknVjh.pcap,11,5,5907,288,0,0,0,0
1634668470,1634668471,13,416.0020351,falcon1024,1000,drop,RddjaknVjh.pcap,11,4,5910,228,0,0,0,0
1634668474,1634668475,14,365.8080101,falcon1024,1000,drop,RddjaknVjh.pcap,12,4,5972,228,0,0,0,0
1634668479,1634668479,15,373.085022,falcon1024,1000,drop,RddjaknVjh.pcap,12,4,5966,228,0,0,0,0
1634668483,1634668483,16,363.0900383,falcon1024,1000,drop,RddjaknVjh.pcap,11,4,5914,228,0,0,0,0
1634668487,1634668488,17,346.1630344,falcon1024,1000,drop,RddjaknVjh.pcap,11,4,5910,228,0,0,0,0
1634668491,1634668492,18,369.2390919,falcon1024,1000,drop,RddjaknVjh.pcap,12,4,5967,228,0,0,0,0
1634668496,1634668496,19,361.2990379,falcon1024,1000,drop,RddjaknVjh.pcap,12,4,5970,228,0,0,0,0
1634668500,1634668500,20,360.5060577,falcon1024,1000,drop,RddjaknVjh.pcap,12,4,5967,228,0,0,0,0
1634668504,1634668505,21,377.4878979,falcon1024,1000,drop,RddjaknVjh.pcap,12,4,5969,228,0,0,0,0
1634668509,1634668509,22,378.7009716,falcon1024,1000,drop,RddjaknVjh.pcap,12,4,5970,228,0,0,0,0
1634668513,1634668513,23,342.7340984,falcon1024,1000,drop,RddjaknVjh.pcap,11,4,5907,228,0,0,0,0
1634668517,1634668517,24,375.9200573,falcon1024,1000,drop,RddjaknVjh.pcap,11,4,5914,228,0,0,0,0
1634668521,1634668522,25,385.9050274,falcon1024,1000,drop,RddjaknVjh.pcap,12,4,5965,228,0,0,0,0
1634668526,1634668526,26,388.6630535,falcon1024,1000,drop,RddjaknVjh.pcap,12,4,5971,228,0,0,0,0
1634668530,1634668531,27,394.5741653,falcon1024,1000,drop,RddjaknVjh.pcap,12,4,5972,228,0,0,0,0
1634668534,1634668535,28,365.391016,falcon1024,1000,drop,RddjaknVjh.pcap,12,4,5973,228,0,0,0,0
1634668539,1634668539,29,371.284008,falcon1024,1000,drop,RddjaknVjh.pcap,12,4,5968,228,0,0,0,0
1634668543,1634668543,30,365.5769825,falcon1024,1000,drop,RddjaknVjh.pcap,11,4,5906,228,0,0,0,0
1634668547,1634668547,31,356.9970131,falcon1024,1000,drop,RddjaknVjh.pcap,12,4,5973,228,0,0,0,0
1634668551,1634668552,32,343.6019421,falcon1024,1000,drop,RddjaknVjh.pcap,12,4,5966,228,0,0,0,0
1634668555,1634668556,33,369.9300289,falcon1024,1000,drop,RddjaknVjh.pcap,11,5,5907,288,0,0,0,0
1634668560,1634668560,34,363.642931,falcon1024,1000,drop,RddjaknVjh.pcap,12,4,5969,228,0,0,0,0
1634668564,1634668564,35,383.6379051,falcon1024,1000,drop,RddjaknVjh.pcap,12,4,5973,228,0,0,0,0
1634668568,1634668569,36,379.9538612,falcon1024,1000,drop,RddjaknVjh.pcap,12,4,5969,228,0,0,0,0
1634668573,1634668573,37,385.2710724,falcon1024,1000,drop,RddjaknVjh.pcap,12,4,5967,228,0,0,0,0
1634668577,1634668577,38,388.7650967,falcon1024,1000,drop,RddjaknVjh.pcap,11,4,5911,228,0,0,0,0
1634668581,1634668581,39,381.8650246,falcon1024,1000,drop,RddjaknVjh.pcap,11,4,5911,228,0,0,0,0
1634668585,1634668586,40,365.7829762,falcon1024,1000,drop,RddjaknVjh.pcap,12,4,5970,228,0,0,0,0
1634668589,1634668590,41,364.4731045,falcon1024,1000,drop,RddjaknVjh.pcap,12,4,5971,228,0,0,0,0
1634668594,1634668594,42,356.0712337,falcon1024,1000,drop,RddjaknVjh.pcap,12,4,5967,228,0,0,0,0
1634668598,1634668599,43,375.8029938,falcon1024,1000,drop,RddjaknVjh.pcap,12,4,5969,228,0,0,0,0
1634668602,1634668603,44,370.4731464,falcon1024,1000,drop,RddjaknVjh.pcap,12,4,5968,228,0,0,0,0
1634668607,1634668607,45,375.6508827,falcon1024,1000,drop,RddjaknVjh.pcap,11,4,5916,228,0,0,0,0
1634668611,1634668611,46,373.5408783,falcon1024,1000,drop,RddjaknVjh.pcap,11,4,5913,228,0,0,0,0
1634668615,1634668616,47,383.3639622,falcon1024,1000,drop,RddjaknVjh.pcap,12,4,5965,228,0,0,0,0
1634668619,1634668620,48,351.9718647,falcon1024,1000,drop,RddjaknVjh.pcap,12,4,5974,228,0,0,0,0
1634668623,1634668624,49,380.1498413,falcon1024,1000,drop,RddjaknVjh.pcap,12,4,5966,228,0,0,0,0
1634668628,1634668628,50,399.3289471,falcon1024,1000,drop,RddjaknVjh.pcap,11,4,5913,228,0,0,0,0
1634668632,1634668632,51,361.2251282,falcon1024,1000,drop,RddjaknVjh.pcap,11,4,5909,228,0,0,0,0
1634668636,1634668637,52,404.531002,falcon1024,1000,drop,RddjaknVjh.pcap,11,4,5913,228,0,0,0,0
1634668640,1634668641,53,395.1539993,falcon1024,1000,drop,RddjaknVjh.pcap,12,4,5970,228,0,0,0,0
1634668645,1634668645,54,348.6399651,falcon1024,1000,drop,RddjaknVjh.pcap,12,4,5967,228,0,0,0,0
1634668649,1634668649,55,368.3431149,falcon1024,1000,drop,RddjaknVjh.pcap,12,4,5971,228,0,0,0,0
1634668653,1634668653,56,372.2879887,falcon1024,1000,drop,RddjaknVjh.pcap,12,4,5973,228,0,0,0,0
1634668657,1634668658,57,339.6980762,falcon1024,1000,drop,RddjaknVjh.pcap,14,4,6081,228,0,0,0,0
1634668661,1634668662,58,359.511137,falcon1024,1000,drop,RddjaknVjh.pcap,11,4,5913,228,0,0,0,0
1634668665,1634668666,59,406.9259167,falcon1024,1000,drop,RddjaknVjh.pcap,12,4,5969,228,0,0,0,0
1634668670,1634668670,60,365.8239841,falcon1024,1000,drop,RddjaknVjh.pcap,12,4,5965,228,0,0,0,0
1634668674,1634668674,61,372.0209599,falcon1024,1000,drop,RddjaknVjh.pcap,12,4,5970,228,0,0,0,0
1634668678,1634668679,62,401.6909599,falcon1024,1000,drop,RddjaknVjh.pcap,12,4,5973,228,0,0,0,0
1634668683,1634668683,63,353.4798622,falcon1024,1000,drop,RddjaknVjh.pcap,14,4,6075,228,0,0,0,0
1634668687,1634668687,64,371.8340397,falcon1024,1000,drop,RddjaknVjh.pcap,12,4,5966,228,0,0,0,0
1634668691,1634668692,65,360.3761196,falcon1024,1000,drop,RddjaknVjh.pcap,12,4,5967,228,0,0,0,0
1634668696,1634668696,66,373.3019829,falcon1024,1000,drop,RddjaknVjh.pcap,12,4,5966,228,0,0,0,0
1634668700,1634668700,67,353.9059162,falcon1024,1000,drop,RddjaknVjh.pcap,11,4,5910,228,0,0,0,0
1634668704,1634668705,68,376.9879341,falcon1024,1000,drop,RddjaknVjh.pcap,12,4,5968,228,0,0,0,0
1634668709,1634668709,69,375.2229214,falcon1024,1000,drop,RddjaknVjh.pcap,11,4,5914,228,0,0,0,0
1634668713,1634668713,70,374.8970032,falcon1024,1000,drop,RddjaknVjh.pcap,11,4,5913,228,0,0,0,0
1634668718,1634668718,71,382.6749325,falcon1024,1000,drop,RddjaknVjh.pcap,12,4,5967,228,0,0,0,0
1634668722,1634668722,72,376.9259453,falcon1024,1000,drop,RddjaknVjh.pcap,12,4,5967,228,0,0,0,0
1634668726,1634668727,73,387.8409863,falcon1024,1000,drop,RddjaknVjh.pcap,11,4,5906,228,0,0,0,0
1634668731,1634668731,74,366.9381142,falcon1024,1000,drop,RddjaknVjh.pcap,11,4,5903,228,0,0,0,0
1634668735,1634668735,75,393.2890892,falcon1024,1000,drop,RddjaknVjh.pcap,12,4,5971,228,0,0,0,0
1634668739,1634668740,76,369.355917,falcon1024,1000,drop,RddjaknVjh.pcap,11,4,5915,228,0,0,0,0
1634668744,1634668744,77,373.1129169,falcon1024,1000,drop,RddjaknVjh.pcap,11,4,5909,228,0,0,0,0
1634668748,1634668748,78,358.9920998,falcon1024,1000,drop,RddjaknVjh.pcap,12,4,5967,228,0,0,0,0
1634668752,1634668753,79,365.9360409,falcon1024,1000,drop,RddjaknVjh.pcap,12,4,5971,228,0,0,0,0
1634668757,1634668757,80,363.8551235,falcon1024,1000,drop,RddjaknVjh.pcap,11,4,5905,228,0,0,0,0
1634668761,1634668761,81,371.8011379,falcon1024,1000,drop,RddjaknVjh.pcap,12,4,5969,228,0,0,0,0
1634668765,1634668766,82,379.6010017,falcon1024,1000,drop,RddjaknVjh.pcap,12,4,5967,228,0,0,0,0
1634668769,1634668770,83,391.4711475,falcon1024,1000,drop,RddjaknVjh.pcap,11,4,5909,228,0,0,0,0
1634668774,1634668774,84,364.9859428,falcon1024,1000,drop,RddjaknVjh.pcap,12,4,5963,228,0,0,0,0
1634668778,1634668779,85,378.7810802,falcon1024,1000,drop,RddjaknVjh.pcap,12,4,5969,228,0,0,0,0
1634668783,1634668783,86,364.9477959,falcon1024,1000,drop,RddjaknVjh.pcap,12,4,5967,228,0,0,0,0
1634668787,1634668787,87,371.6509342,falcon1024,1000,drop,RddjaknVjh.pcap,12,4,5975,228,0,0,0,0
1634668791,1634668792,88,388.0341053,falcon1024,1000,drop,RddjaknVjh.pcap,12,4,5975,228,0,0,0,0
1634668796,1634668796,89,387.3510361,falcon1024,1000,drop,RddjaknVjh.pcap,11,4,5906,228,0,0,0,0
1634668800,1634668800,90,362.4379635,falcon1024,1000,drop,RddjaknVjh.pcap,11,4,5913,228,0,0,0,0
1634668804,1634668805,91,375.9379387,falcon1024,1000,drop,RddjaknVjh.pcap,12,4,5966,228,0,0,0,0
1634668808,1634668809,92,372.808218,falcon1024,1000,drop,RddjaknVjh.pcap,11,4,5912,228,0,0,0,0
1634668813,1634668813,93,389.1189098,falcon1024,1000,drop,RddjaknVjh.pcap,11,4,5915,228,0,0,0,0
1634668817,1634668817,94,386.3639832,falcon1024,1000,drop,RddjaknVjh.pcap,11,4,5911,228,0,0,0,0
1634668821,1634668822,95,374.2711544,falcon1024,1000,drop,RddjaknVjh.pcap,11,4,5905,228,0,0,0,0
1634668826,1634668826,96,354.4540405,falcon1024,1000,drop,RddjaknVjh.pcap,12,4,5973,228,0,0,0,0
1634668830,1634668830,97,384.403944,falcon1024,1000,drop,RddjaknVjh.pcap,11,4,5910,228,0,0,0,0
1634668835,1634668835,98,360.7990742,falcon1024,1000,drop,RddjaknVjh.pcap,12,4,5968,228,0,0,0,0
1634668839,1634668839,99,376.0499954,falcon1024,1000,drop,RddjaknVjh.pcap,12,4,5964,228,0,0,0,0
1634668843,1634668843,100,387.6779079,falcon1024,1000,drop,RddjaknVjh.pcap,12,4,5963,228,0,0,0,0
1634668848,1634668848,101,372.9598522,falcon1024,1000,drop,RddjaknVjh.pcap,14,4,6079,228,0,0,0,0
1634668852,1634668852,102,375.7910728,falcon1024,1000,drop,RddjaknVjh.pcap,12,4,5974,228,0,0,0,0
1634668856,1634668856,103,337.3539448,falcon1024,1000,drop,RddjaknVjh.pcap,12,4,5960,228,0,0,0,0
1634668860,1634668860,104,339.3478394,falcon1024,1000,drop,RddjaknVjh.pcap,12,4,5969,228,0,0,0,0
1634668864,1634668865,105,368.0019379,falcon1024,1000,drop,RddjaknVjh.pcap,11,4,5900,228,0,0,0,0
1634668869,1634668869,106,372.2529411,falcon1024,1000,drop,RddjaknVjh.pcap,12,4,5966,228,0,0,0,0
1634668873,1634668874,107,361.7558479,falcon1024,1000,drop,RddjaknVjh.pcap,12,4,5970,228,0,0,0,0
1634668877,1634668878,108,389.4438744,falcon1024,1000,drop,RddjaknVjh.pcap,12,4,5965,228,0,0,0,0
1634668881,1634668882,109,390.3119564,falcon1024,1000,drop,RddjaknVjh.pcap,12,4,5966,228,0,0,0,0
1634668886,1634668886,110,365.8699989,falcon1024,1000,drop,RddjaknVjh.pcap,13,5,6018,288,0,0,0,0
1634668890,1634668890,111,347.178936,falcon1024,1000,drop,RddjaknVjh.pcap,11,4,5913,228,0,0,0,0
1634668894,1634668895,112,367.9699898,falcon1024,1000,drop,RddjaknVjh.pcap,12,4,5966,228,0,0,0,0
1634668899,1634668899,113,380.0261021,falcon1024,1000,drop,RddjaknVjh.pcap,12,4,5972,228,0,0,0,0
1634668903,1634668903,114,388.1449699,falcon1024,1000,drop,RddjaknVjh.pcap,12,4,5970,228,0,0,0,0
1634668907,1634668908,115,373.925209,falcon1024,1000,drop,RddjaknVjh.pcap,12,4,5977,228,0,0,0,0
1634668912,1634668912,116,382.8499317,falcon1024,1000,drop,RddjaknVjh.pcap,12,4,5963,228,0,0,0,0
1634668916,1634668916,117,361.5031242,falcon1024,1000,drop,RddjaknVjh.pcap,12,4,5968,228,0,0,0,0
1634668920,1634668921,118,341.4700031,falcon1024,1000,drop,RddjaknVjh.pcap,12,4,5971,228,0,0,0,0
1634668924,1634668925,119,383.9149475,falcon1024,1000,drop,RddjaknVjh.pcap,12,4,5967,228,0,0,0,0
1634668929,1634668929,120,343.4538841,falcon1024,1000,drop,RddjaknVjh.pcap,12,4,5969,228,0,0,0,0
1634668933,1634668933,121,363.3179665,falcon1024,1000,drop,RddjaknVjh.pcap,12,4,5967,228,0,0,0,0
1634668937,1634668937,122,381.0238838,falcon1024,1000,drop,RddjaknVjh.pcap,12,4,5965,228,0,0,0,0
1634668941,1634668942,123,411.88097,falcon1024,1000,drop,RddjaknVjh.pcap,11,4,5911,228,0,0,0,0
1634668946,1634668946,124,354.7918797,falcon1024,1000,drop,RddjaknVjh.pcap,11,4,5910,228,0,0,0,0
1634668950,1634668950,125,380.8970451,falcon1024,1000,drop,RddjaknVjh.pcap,12,4,5972,228,0,0,0,0
1634668954,1634668954,126,354.8190594,falcon1024,1000,drop,RddjaknVjh.pcap,11,4,5906,228,0,0,0,0
1634668958,1634668959,127,374.6449947,falcon1024,1000,drop,RddjaknVjh.pcap,12,4,5962,228,0,0,0,0
1634668963,1634668963,128,369.5020676,falcon1024,1000,drop,RddjaknVjh.pcap,11,4,5907,228,0,0,0,0
1634668967,1634668967,129,369.6038723,falcon1024,1000,drop,RddjaknVjh.pcap,11,4,5904,228,0,0,0,0
1634668971,1634668972,130,350.2631187,falcon1024,1000,drop,RddjaknVjh.pcap,12,4,5970,228,0,0,0,0
1634668976,1634668976,131,351.3679504,falcon1024,1000,drop,RddjaknVjh.pcap,11,4,5910,228,0,0,0,0
1634668980,1634668980,132,360.0490093,falcon1024,1000,drop,RddjaknVjh.pcap,12,4,5969,228,0,0,0,0
1634668984,1634668984,133,365.5469418,falcon1024,1000,drop,RddjaknVjh.pcap,12,4,5970,228,0,0,0,0
1634668988,1634668988,134,339.9529457,falcon1024,1000,drop,RddjaknVjh.pcap,11,4,5910,228,0,0,0,0
1634668992,1634668993,135,391.3431168,falcon1024,1000,drop,RddjaknVjh.pcap,11,4,5911,228,0,0,0,0
1634668997,1634668997,136,387.5751495,falcon1024,1000,drop,RddjaknVjh.pcap,12,4,5969,228,0,0,0,0
1634669001,1634669001,137,376.8079281,falcon1024,1000,drop,RddjaknVjh.pcap,12,4,5971,228,0,0,0,0
1634669005,1634669006,138,374.612093,falcon1024,1000,drop,RddjaknVjh.pcap,12,4,5967,228,0,0,0,0
1634669010,1634669010,139,373.8780022,falcon1024,1000,drop,RddjaknVjh.pcap,11,4,5908,228,0,0,0,0
1634669014,1634669014,140,344.0599442,falcon1024,1000,drop,RddjaknVjh.pcap,12,4,5966,228,0,0,0,0
1634669018,1634669018,141,357.8219414,falcon1024,1000,drop,RddjaknVjh.pcap,12,4,5966,228,0,0,0,0
1634669022,1634669022,142,354.4859886,falcon1024,1000,drop,RddjaknVjh.pcap,12,4,5966,228,0,0,0,0
1634669026,1634669027,143,382.5349808,falcon1024,1000,drop,RddjaknVjh.pcap,12,4,5972,228,0,0,0,0
1634669031,1634669031,144,337.3138905,falcon1024,1000,drop,RddjaknVjh.pcap,11,4,5917,228,0,0,0,0
1634669035,1634669035,145,383.6579323,falcon1024,1000,drop,RddjaknVjh.pcap,11,4,5910,228,0,0,0,0
1634669039,1634669039,146,386.8689537,falcon1024,1000,drop,RddjaknVjh.pcap,12,4,5972,228,0,0,0,0
1634669043,1634669044,147,350.8570194,falcon1024,1000,drop,RddjaknVjh.pcap,12,4,5970,228,0,0,0,0
1634669048,1634669048,148,387.1400356,falcon1024,1000,drop,RddjaknVjh.pcap,12,4,5968,228,0,0,0,0
1634669052,1634669052,149,359.2698574,falcon1024,1000,drop,RddjaknVjh.pcap,11,4,5906,228,0,0,0,0
1634669056,1634669057,150,370.511055,falcon1024,1000,drop,RddjaknVjh.pcap,12,4,5970,228,0,0,0,0
1634669061,1634669061,151,344.0480232,falcon1024,1000,drop,RddjaknVjh.pcap,14,4,6079,228,0,0,0,0
1634669065,1634669065,152,347.0470905,falcon1024,1000,drop,RddjaknVjh.pcap,12,4,5972,228,0,0,0,0
1634669069,1634669069,153,344.0101147,falcon1024,1000,drop,RddjaknVjh.pcap,13,4,6013,228,0,0,0,0
1634669073,1634669073,154,363.0650043,falcon1024,1000,drop,RddjaknVjh.pcap,12,4,5962,228,0,0,0,0
1634669077,1634669078,155,359.181881,falcon1024,1000,drop,RddjaknVjh.pcap,12,4,5969,228,0,0,0,0
1634669082,1634669082,156,372.355938,falcon1024,1000,drop,RddjaknVjh.pcap,12,4,5971,228,0,0,0,0
1634669086,1634669086,157,353.0480862,falcon1024,1000,drop,RddjaknVjh.pcap,11,4,5904,228,0,0,0,0
1634669090,1634669091,158,387.7761364,falcon1024,1000,drop,RddjaknVjh.pcap,12,4,5969,228,0,0,0,0
1634669094,1634669095,159,336.3170624,falcon1024,1000,drop,RddjaknVjh.pcap,12,4,5968,228,0,0,0,0
1634669099,1634669099,160,374.5651245,falcon1024,1000,drop,RddjaknVjh.pcap,14,4,6080,228,0,0,0,0
1634669103,1634669103,161,377.2649765,falcon1024,1000,drop,RddjaknVjh.pcap,13,4,6015,228,0,0,0,0
1634669107,1634669108,162,355.9150696,falcon1024,1000,drop,RddjaknVjh.pcap,11,4,5907,228,0,0,0,0
1634669112,1634669112,163,390.2208805,falcon1024,1000,drop,RddjaknVjh.pcap,12,4,5971,228,0,0,0,0
1634669116,1634669116,164,366.5030003,falcon1024,1000,drop,RddjaknVjh.pcap,11,4,5912,228,0,0,0,0
1634669120,1634669121,165,349.0679264,falcon1024,1000,drop,RddjaknVjh.pcap,12,4,5973,228,0,0,0,0
1634669125,1634669125,166,387.7618313,falcon1024,1000,drop,RddjaknVjh.pcap,13,4,6017,228,0,0,0,0
1634669129,1634669129,167,430.4141998,falcon1024,1000,drop,RddjaknVjh.pcap,11,4,5912,228,0,0,0,0
1634669133,1634669134,168,353.8720608,falcon1024,1000,drop,RddjaknVjh.pcap,11,4,5904,228,0,0,0,0
1634669137,1634669138,169,360.1489067,falcon1024,1000,drop,RddjaknVjh.pcap,12,4,5969,228,0,0,0,0
1634669142,1634669142,170,368.0610657,falcon1024,1000,drop,RddjaknVjh.pcap,12,4,5970,228,0,0,0,0
1634669146,1634669146,171,387.5558376,falcon1024,1000,drop,RddjaknVjh.pcap,11,4,5901,228,0,0,0,0
1634669150,1634669151,172,371.6578484,falcon1024,1000,drop,RddjaknVjh.pcap,13,4,6022,228,0,0,0,0
1634669154,1634669155,173,376.500845,falcon1024,1000,drop,RddjaknVjh.pcap,11,4,5905,228,0,0,0,0
1634669159,1634669159,174,355.1449776,falcon1024,1000,drop,RddjaknVjh.pcap,12,4,5971,228,0,0,0,0
1634669163,1634669164,175,370.2871799,falcon1024,1000,drop,RddjaknVjh.pcap,12,4,5970,228,0,0,0,0
1634669167,1634669168,176,391.0400867,falcon1024,1000,drop,RddjaknVjh.pcap,12,4,5970,228,0,0,0,0
1634669172,1634669172,177,368.8099384,falcon1024,1000,drop,RddjaknVjh.pcap,12,4,5967,228,0,0,0,0
1634669176,1634669176,178,370.9571362,falcon1024,1000,drop,RddjaknVjh.pcap,11,4,5912,228,0,0,0,0
1634669180,1634669181,179,385.643959,falcon1024,1000,drop,RddjaknVjh.pcap,11,4,5908,228,0,0,0,0
1634669185,1634669185,180,359.1849804,falcon1024,1000,drop,RddjaknVjh.pcap,12,4,5968,228,0,0,0,0
1634669189,1634669189,181,352.7870178,falcon1024,1000,drop,RddjaknVjh.pcap,12,4,5970,228,0,0,0,0
1634669193,1634669193,182,383.8069439,falcon1024,1000,drop,RddjaknVjh.pcap,12,4,5975,228,0,0,0,0
1634669197,1634669198,183,387.5541687,falcon1024,1000,drop,RddjaknVjh.pcap,12,4,5975,228,0,0,0,0
1634669202,1634669202,184,365.5369282,falcon1024,1000,drop,RddjaknVjh.pcap,11,4,5909,228,0,0,0,0
1634669206,1634669206,185,373.652935,falcon1024,1000,drop,RddjaknVjh.pcap,12,4,5971,228,0,0,0,0
1634669210,1634669210,186,373.4600544,falcon1024,1000,drop,RddjaknVjh.pcap,11,5,5908,288,0,0,0,0
1634669214,1634669215,187,377.5520325,falcon1024,1000,drop,RddjaknVjh.pcap,11,4,5905,228,0,0,0,0
1634669219,1634669219,188,346.8689919,falcon1024,1000,drop,RddjaknVjh.pcap,11,4,5914,228,0,0,0,0
1634669223,1634669223,189,366.850853,falcon1024,1000,drop,RddjaknVjh.pcap,11,4,5908,228,0,0,0,0
1634669227,1634669227,190,337.7780914,falcon1024,1000,drop,RddjaknVjh.pcap,14,4,6078,228,0,0,0,0
1634669231,1634669232,191,374.3059635,falcon1024,1000,drop,RddjaknVjh.pcap,11,4,5910,228,0,0,0,0
1634669235,1634669236,192,371.1180687,falcon1024,1000,drop,RddjaknVjh.pcap,11,4,5915,228,0,0,0,0
1634669240,1634669240,193,350.3980637,falcon1024,1000,drop,RddjaknVjh.pcap,11,4,5911,228,0,0,0,0
1634669244,1634669244,194,373.8188744,falcon1024,1000,drop,RddjaknVjh.pcap,14,4,6081,228,0,0,0,0
1634669248,1634669249,195,380.4500103,falcon1024,1000,drop,RddjaknVjh.pcap,12,4,5971,228,0,0,0,0
1634669252,1634669253,196,353.7940979,falcon1024,1000,drop,RddjaknVjh.pcap,12,4,5969,228,0,0,0,0
1634669257,1634669257,197,344.3419933,falcon1024,1000,drop,RddjaknVjh.pcap,12,4,5967,228,0,0,0,0
1634669261,1634669261,198,369.2009449,falcon1024,1000,drop,RddjaknVjh.pcap,11,4,5910,228,0,0,0,0
1634669265,1634669265,199,383.4309578,falcon1024,1000,drop,RddjaknVjh.pcap,11,4,5912,228,0,0,0,0
1634669269,1634669270,200,360.0258827,falcon1024,1000,drop,RddjaknVjh.pcap,11,4,5907,228,0,0,0,0
1634669274,1634669274,201,376.16992,falcon1024,1000,drop,RddjaknVjh.pcap,11,4,5907,228,0,0,0,0
1634669278,1634669278,202,380.9561729,falcon1024,1000,drop,RddjaknVjh.pcap,11,4,5909,228,0,0,0,0
1634669282,1634669283,203,361.5269661,falcon1024,1000,drop,RddjaknVjh.pcap,11,4,5907,228,0,0,0,0
1634669286,1634669287,204,352.9150486,falcon1024,1000,drop,RddjaknVjh.pcap,11,4,5907,228,0,0,0,0
1634669291,1634669291,205,331.8109512,falcon1024,1000,drop,RddjaknVjh.pcap,11,4,5910,228,0,0,0,0
1634669295,1634669295,206,367.7020073,falcon1024,1000,drop,RddjaknVjh.pcap,12,4,5971,228,0,0,0,0
1634669299,1634669299,207,360.2778912,falcon1024,1000,drop,RddjaknVjh.pcap,12,4,5969,228,0,0,0,0
1634669303,1634669304,208,355.0400734,falcon1024,1000,drop,RddjaknVjh.pcap,12,4,5965,228,0,0,0,0
1634669307,1634669308,209,350.6000042,falcon1024,1000,drop,RddjaknVjh.pcap,12,4,5970,228,0,0,0,0
1634669312,1634669312,210,347.217083,falcon1024,1000,drop,RddjaknVjh.pcap,12,4,5973,228,0,0,0,0
1634669316,1634669316,211,370.7439899,falcon1024,1000,drop,RddjaknVjh.pcap,12,4,5975,228,0,0,0,0
1634669320,1634669320,212,370.5801964,falcon1024,1000,drop,RddjaknVjh.pcap,12,4,5967,228,0,0,0,0
1634669324,1634669325,213,380.9270859,falcon1024,1000,drop,RddjaknVjh.pcap,12,4,5973,228,0,0,0,0
1634669329,1634669329,214,365.7569885,falcon1024,1000,drop,RddjaknVjh.pcap,11,4,5912,228,0,0,0,0
1634669333,1634669333,215,360.7459068,falcon1024,1000,drop,RddjaknVjh.pcap,12,4,5967,228,0,0,0,0
1634669337,1634669338,216,367.484808,falcon1024,1000,drop,RddjaknVjh.pcap,12,4,5969,228,0,0,0,0
1634669341,1634669342,217,356.6100597,falcon1024,1000,drop,RddjaknVjh.pcap,12,4,5971,228,0,0,0,0
1634669346,1634669346,218,334.2158794,falcon1024,1000,drop,RddjaknVjh.pcap,11,4,5912,228,0,0,0,0
1634669350,1634669350,219,388.6311054,falcon1024,1000,drop,RddjaknVjh.pcap,11,4,5901,228,0,0,0,0
1634669354,1634669355,220,360.7010841,falcon1024,1000,drop,RddjaknVjh.pcap,12,4,5970,228,0,0,0,0
1634669358,1634669359,221,378.6020279,falcon1024,1000,drop,RddjaknVjh.pcap,11,4,5911,228,0,0,0,0
1634669363,1634669363,222,381.3619614,falcon1024,1000,drop,RddjaknVjh.pcap,12,4,5973,228,0,0,0,0
1634669367,1634669368,223,382.5728893,falcon1024,1000,drop,RddjaknVjh.pcap,11,4,5910,228,0,0,0,0
1634669371,1634669372,224,374.4590282,falcon1024,1000,drop,RddjaknVjh.pcap,12,4,5964,228,0,0,0,0
1634669376,1634669376,225,420.7568169,falcon1024,1000,drop,RddjaknVjh.pcap,12,4,5970,228,0,0,0,0
1634669380,1634669381,226,365.3841019,falcon1024,1000,drop,RddjaknVjh.pcap,12,4,5969,228,0,0,0,0
1634669384,1634669385,227,336.053133,falcon1024,1000,drop,RddjaknVjh.pcap,12,4,5964,228,0,0,0,0
1634669389,1634669389,228,388.5600567,falcon1024,1000,drop,RddjaknVjh.pcap,11,4,5909,228,0,0,0,0
1634669393,1634669393,229,366.9998646,falcon1024,1000,drop,RddjaknVjh.pcap,12,4,5971,228,0,0,0,0
1634669397,1634669398,230,380.0940514,falcon1024,1000,drop,RddjaknVjh.pcap,11,4,5909,228,0,0,0,0
1634669401,1634669402,231,368.7748909,falcon1024,1000,drop,RddjaknVjh.pcap,12,4,5967,228,0,0,0,0
1634669406,1634669406,232,355.5510044,falcon1024,1000,drop,RddjaknVjh.pcap,12,4,5969,228,0,0,0,0
1634669410,1634669410,233,377.9139519,falcon1024,1000,drop,RddjaknVjh.pcap,12,4,5973,228,0,0,0,0
1634669414,1634669414,234,355.711937,falcon1024,1000,drop,RddjaknVjh.pcap,11,4,5910,228,0,0,0,0
1634669418,1634669419,235,345.8988667,falcon1024,1000,drop,RddjaknVjh.pcap,11,4,5906,228,0,0,0,0
1634669423,1634669423,236,372.9450703,falcon1024,1000,drop,RddjaknVjh.pcap,12,4,5971,228,0,0,0,0
1634669427,1634669427,237,352.1828651,falcon1024,1000,drop,RddjaknVjh.pcap,12,4,5965,228,0,0,0,0
1634669431,1634669431,238,366.7368889,falcon1024,1000,drop,RddjaknVjh.pcap,12,4,5969,228,0,0,0,0
1634669435,1634669436,239,363.6779785,falcon1024,1000,drop,RddjaknVjh.pcap,12,4,5967,228,0,0,0,0
1634669440,1634669440,240,349.6379852,falcon1024,1000,drop,RddjaknVjh.pcap,12,4,5965,228,0,0,0,0
1634669444,1634669444,241,340.1060104,falcon1024,1000,drop,RddjaknVjh.pcap,12,4,5967,228,0,0,0,0
1634669448,1634669448,242,406.0001373,falcon1024,1000,drop,RddjaknVjh.pcap,11,4,5912,228,0,0,0,0
1634669452,1634669452,243,369.3320751,falcon1024,1000,drop,RddjaknVjh.pcap,12,4,5969,228,0,0,0,0
1634669456,1634669456,244,348.2179642,falcon1024,1000,drop,RddjaknVjh.pcap,12,4,5967,228,0,0,0,0
1634669460,1634669461,245,390.9239769,falcon1024,1000,drop,RddjaknVjh.pcap,12,4,5974,228,0,0,0,0
1634669464,1634669465,246,358.2091331,falcon1024,1000,drop,RddjaknVjh.pcap,12,4,5977,228,0,0,0,0
1634669469,1634669469,247,368.4179783,falcon1024,1000,drop,RddjaknVjh.pcap,11,4,5911,228,0,0,0,0
1634669473,1634669473,248,372.8570938,falcon1024,1000,drop,RddjaknVjh.pcap,12,4,5970,228,0,0,0,0
1634669477,1634669477,249,365.281105,falcon1024,1000,drop,RddjaknVjh.pcap,14,4,6075,228,0,0,0,0
1634669481,1634669482,250,397.6120949,falcon1024,1000,drop,RddjaknVjh.pcap,12,4,5970,228,0,0,0,0
1634669485,1634669486,251,354.7668457,falcon1024,1000,drop,RddjaknVjh.pcap,11,4,5907,228,0,0,0,0
1634669490,1634669490,252,378.7219524,falcon1024,1000,drop,RddjaknVjh.pcap,12,4,5967,228,0,0,0,0
1634669494,1634669494,253,372.6990223,falcon1024,1000,drop,RddjaknVjh.pcap,11,4,5910,228,0,0,0,0
1634669498,1634669499,254,344.7370529,falcon1024,1000,drop,RddjaknVjh.pcap,11,4,5907,228,0,0,0,0
1634669502,1634669503,255,363.4049892,falcon1024,1000,drop,RddjaknVjh.pcap,12,4,5971,228,0,0,0,0
1634669507,1634669507,256,357.8948975,falcon1024,1000,drop,RddjaknVjh.pcap,11,4,5909,228,0,0,0,0
1634669511,1634669511,257,389.2829418,falcon1024,1000,drop,RddjaknVjh.pcap,12,4,5976,228,0,0,0,0
1634669515,1634669515,258,344.4309235,falcon1024,1000,drop,RddjaknVjh.pcap,12,4,5970,228,0,0,0,0
1634669519,1634669519,259,364.910841,falcon1024,1000,drop,RddjaknVjh.pcap,11,4,5903,228,0,0,0,0
1634669523,1634669524,260,373.7790585,falcon1024,1000,drop,RddjaknVjh.pcap,14,4,6080,228,0,0,0,0
1634669528,1634669528,261,393.9630985,falcon1024,1000,drop,RddjaknVjh.pcap,14,4,6082,228,0,0,0,0
1634669532,1634669532,262,347.0590115,falcon1024,1000,drop,RddjaknVjh.pcap,12,4,5967,228,0,0,0,0
1634669536,1634669536,263,339.4608498,falcon1024,1000,drop,RddjaknVjh.pcap,12,4,5970,228,0,0,0,0
1634669540,1634669540,264,357.7878475,falcon1024,1000,drop,RddjaknVjh.pcap,13,4,6020,228,0,0,0,0
1634669544,1634669545,265,364.2709255,falcon1024,1000,drop,RddjaknVjh.pcap,14,4,6074,228,0,0,0,0
1634669549,1634669549,266,342.1208858,falcon1024,1000,drop,RddjaknVjh.pcap,11,4,5910,228,0,0,0,0
1634669553,1634669553,267,338.1180763,falcon1024,1000,drop,RddjaknVjh.pcap,11,4,5912,228,0,0,0,0
1634669557,1634669557,268,362.3769283,falcon1024,1000,drop,RddjaknVjh.pcap,12,4,5969,228,0,0,0,0
1634669561,1634669561,269,371.876955,falcon1024,1000,drop,RddjaknVjh.pcap,12,4,5968,228,0,0,0,0
1634669565,1634669566,270,372.369051,falcon1024,1000,drop,RddjaknVjh.pcap,12,4,5971,228,0,0,0,0
1634669569,1634669570,271,339.5051956,falcon1024,1000,drop,RddjaknVjh.pcap,11,4,5908,228,0,0,0,0
1634669574,1634669574,272,356.7421436,falcon1024,1000,drop,RddjaknVjh.pcap,12,4,5973,228,0,0,0,0
1634669578,1634669578,273,345.580101,falcon1024,1000,drop,RddjaknVjh.pcap,12,4,5973,228,0,0,0,0
1634669582,1634669582,274,359.2231274,falcon1024,1000,drop,RddjaknVjh.pcap,12,4,5967,228,0,0,0,0
1634669586,1634669587,275,366.5969372,falcon1024,1000,drop,RddjaknVjh.pcap,12,4,5971,228,0,0,0,0
1634669590,1634669591,276,353.9390564,falcon1024,1000,drop,RddjaknVjh.pcap,12,4,5975,228,0,0,0,0
1634669595,1634669595,277,359.6971035,falcon1024,1000,drop,RddjaknVjh.pcap,11,4,5912,228,0,0,0,0
1634669599,1634669599,278,354.5818329,falcon1024,1000,drop,RddjaknVjh.pcap,11,4,5905,228,0,0,0,0
1634669603,1634669604,279,379.9631596,falcon1024,1000,drop,RddjaknVjh.pcap,12,4,5970,228,0,0,0,0
1634669607,1634669608,280,377.7110577,falcon1024,1000,drop,RddjaknVjh.pcap,11,4,5919,228,0,0,0,0
1634669612,1634669612,281,342.1618938,falcon1024,1000,drop,RddjaknVjh.pcap,12,4,5968,228,0,0,0,0
1634669616,1634669616,282,366.6388988,falcon1024,1000,drop,RddjaknVjh.pcap,11,4,5912,228,0,0,0,0
1634669620,1634669620,283,368.5519695,falcon1024,1000,drop,RddjaknVjh.pcap,11,4,5912,228,0,0,0,0
1634669624,1634669625,284,342.0791626,falcon1024,1000,drop,RddjaknVjh.pcap,11,4,5902,228,0,0,0,0
1634669628,1634669629,285,378.9749146,falcon1024,1000,drop,RddjaknVjh.pcap,12,4,5970,228,0,0,0,0
1634669633,1634669633,286,342.9591656,falcon1024,1000,drop,RddjaknVjh.pcap,12,4,5971,228,0,0,0,0
1634669637,1634669637,287,361.9878292,falcon1024,1000,drop,RddjaknVjh.pcap,12,4,5971,228,0,0,0,0
1634669641,1634669641,288,384.0839863,falcon1024,1000,drop,RddjaknVjh.pcap,12,4,5971,228,0,0,0,0
1634669645,1634669645,289,351.7239094,falcon1024,1000,drop,RddjaknVjh.pcap,12,4,5971,228,0,0,0,0
1634669649,1634669650,290,332.2269917,falcon1024,1000,drop,RddjaknVjh.pcap,12,4,5975,228,0,0,0,0
1634669653,1634669654,291,351.3991833,falcon1024,1000,drop,RddjaknVjh.pcap,11,4,5912,228,0,0,0,0
1634669658,1634669658,292,363.4169102,falcon1024,1000,drop,RddjaknVjh.pcap,11,4,5904,228,0,0,0,0
1634669662,1634669662,293,391.8058872,falcon1024,1000,drop,RddjaknVjh.pcap,12,4,5973,228,0,0,0,0
1634669666,1634669666,294,371.9890118,falcon1024,1000,drop,RddjaknVjh.pcap,11,4,5907,228,0,0,0,0
1634669670,1634669671,295,374.3240833,falcon1024,1000,drop,RddjaknVjh.pcap,11,4,5909,228,0,0,0,0
1634669675,1634669675,296,387.3729706,falcon1024,1000,drop,RddjaknVjh.pcap,11,4,5912,228,0,0,0,0
1634669679,1634669679,297,383.9321136,falcon1024,1000,drop,RddjaknVjh.pcap,12,4,5969,228,0,0,0,0
1634669683,1634669684,298,358.9680195,falcon1024,1000,drop,RddjaknVjh.pcap,12,4,5970,228,0,0,0,0
1634669687,1634669688,299,338.3328915,falcon1024,1000,drop,RddjaknVjh.pcap,11,4,5916,228,0,0,0,0
1634669692,1634669692,300,377.6900768,falcon1024,1000,drop,RddjaknVjh.pcap,12,4,5970,228,0,0,0,0
1634669696,1634669696,301,371.1509705,falcon1024,1000,drop,RddjaknVjh.pcap,11,4,5910,228,0,0,0,0
1634669700,1634669701,302,354.0289402,falcon1024,1000,drop,RddjaknVjh.pcap,11,4,5913,228,0,0,0,0
1634669704,1634669705,303,345.5929756,falcon1024,1000,drop,RddjaknVjh.pcap,12,4,5968,228,0,0,0,0
1634669709,1634669709,304,352.9958725,falcon1024,1000,drop,RddjaknVjh.pcap,12,4,5968,228,0,0,0,0
1634669713,1634669713,305,381.9937706,falcon1024,1000,drop,RddjaknVjh.pcap,11,4,5913,228,0,0,0,0
1634669717,1634669718,306,354.3841839,falcon1024,1000,drop,RddjaknVjh.pcap,11,4,5908,228,0,0,0,0
1634669722,1634669722,307,368.9398766,falcon1024,1000,drop,RddjaknVjh.pcap,11,5,5913,288,0,0,0,0
1634669726,1634669726,308,367.9358959,falcon1024,1000,drop,RddjaknVjh.pcap,12,4,5970,228,0,0,0,0
1634669730,1634669730,309,362.2019291,falcon1024,1000,drop,RddjaknVjh.pcap,12,4,5965,228,0,0,0,0
1634669734,1634669735,310,364.554882,falcon1024,1000,drop,RddjaknVjh.pcap,12,4,5974,228,0,0,0,0
1634669738,1634669739,311,368.4511185,falcon1024,1000,drop,RddjaknVjh.pcap,12,4,5967,228,0,0,0,0
1634669743,1634669743,312,393.0020332,falcon1024,1000,drop,RddjaknVjh.pcap,11,4,5906,228,0,0,0,0
1634669747,1634669747,313,392.6239014,falcon1024,1000,drop,RddjaknVjh.pcap,12,4,5970,228,0,0,0,0
1634669751,1634669752,314,349.9569893,falcon1024,1000,drop,RddjaknVjh.pcap,12,4,5969,228,0,0,0,0
1634669756,1634669756,315,365.5099869,falcon1024,1000,drop,RddjaknVjh.pcap,12,4,5967,228,0,0,0,0
1634669760,1634669760,316,343.4848785,falcon1024,1000,drop,RddjaknVjh.pcap,11,4,5912,228,0,0,0,0
1634669764,1634669764,317,365.819931,falcon1024,1000,drop,RddjaknVjh.pcap,12,4,5969,228,0,0,0,0
1634669768,1634669769,318,361.6762161,falcon1024,1000,drop,RddjaknVjh.pcap,12,4,5966,228,0,0,0,0
1634669773,1634669773,319,364.221096,falcon1024,1000,drop,RddjaknVjh.pcap,12,4,5965,228,0,0,0,0
1634669777,1634669777,320,380.2039623,falcon1024,1000,drop,RddjaknVjh.pcap,12,4,5970,228,0,0,0,0
1634669781,1634669781,321,357.063055,falcon1024,1000,drop,RddjaknVjh.pcap,12,4,5969,228,0,0,0,0
1634669785,1634669786,322,367.5630093,falcon1024,1000,drop,RddjaknVjh.pcap,11,4,5908,228,0,0,0,0
1634669789,1634669790,323,344.9909687,falcon1024,1000,drop,RddjaknVjh.pcap,11,4,5910,228,0,0,0,0
1634669793,1634669794,324,380.4790974,falcon1024,1000,drop,RddjaknVjh.pcap,11,4,5908,228,0,0,0,0
1634669798,1634669798,325,371.1979389,falcon1024,1000,drop,RddjaknVjh.pcap,12,4,5971,228,0,0,0,0
1634669802,1634669802,326,357.2509289,falcon1024,1000,drop,RddjaknVjh.pcap,13,5,6020,288,0,0,0,0
1634669806,1634669807,327,385.8098984,falcon1024,1000,drop,RddjaknVjh.pcap,14,4,6077,228,0,0,0,0
1634669811,1634669811,328,383.3329678,falcon1024,1000,drop,RddjaknVjh.pcap,12,4,5967,228,0,0,0,0
1634669815,1634669815,329,359.4851494,falcon1024,1000,drop,RddjaknVjh.pcap,11,4,5908,228,0,0,0,0
1634669819,1634669819,330,347.1040726,falcon1024,1000,drop,RddjaknVjh.pcap,12,4,5967,228,0,0,0,0
1634669823,1634669824,331,340.4870033,falcon1024,1000,drop,RddjaknVjh.pcap,11,4,5916,228,0,0,0,0
1634669828,1634669828,332,366.5671349,falcon1024,1000,drop,RddjaknVjh.pcap,12,4,5972,228,0,0,0,0
1634669832,1634669832,333,363.5830879,falcon1024,1000,drop,RddjaknVjh.pcap,11,4,5902,228,0,0,0,0
1634669836,1634669837,334,381.7229271,falcon1024,1000,drop,RddjaknVjh.pcap,11,4,5911,228,0,0,0,0
1634669841,1634669841,335,362.7910614,falcon1024,1000,drop,RddjaknVjh.pcap,13,4,6018,228,0,0,0,0
1634669845,1634669845,336,367.9761887,falcon1024,1000,drop,RddjaknVjh.pcap,12,4,5970,228,0,0,0,0
1634669849,1634669850,337,356.3110828,falcon1024,1000,drop,RddjaknVjh.pcap,11,4,5910,228,0,0,0,0
1634669854,1634669854,338,360.7740402,falcon1024,1000,drop,RddjaknVjh.pcap,12,4,5969,228,0,0,0,0
1634669858,1634669858,339,336.3630772,falcon1024,1000,drop,RddjaknVjh.pcap,12,4,5970,228,0,0,0,0
1634669862,1634669863,340,375.7398129,falcon1024,1000,drop,RddjaknVjh.pcap,12,4,5972,228,0,0,0,0
1634669867,1634669867,341,377.3710728,falcon1024,1000,drop,RddjaknVjh.pcap,14,4,6078,228,0,0,0,0
1634669871,1634669871,342,359.2910767,falcon1024,1000,drop,RddjaknVjh.pcap,11,4,5913,228,0,0,0,0
1634669875,1634669876,343,373.9249706,falcon1024,1000,drop,RddjaknVjh.pcap,12,4,5971,228,0,0,0,0
1634669880,1634669880,344,368.7319756,falcon1024,1000,drop,RddjaknVjh.pcap,12,4,5968,228,0,0,0,0
1634669884,1634669884,345,385.0119114,falcon1024,1000,drop,RddjaknVjh.pcap,12,4,5970,228,0,0,0,0
1634669888,1634669888,346,375.3008842,falcon1024,1000,drop,RddjaknVjh.pcap,11,4,5911,228,0,0,0,0
1634669892,1634669893,347,368.5209751,falcon1024,1000,drop,RddjaknVjh.pcap,12,4,5976,228,0,0,0,0
1634669897,1634669897,348,374.1738796,falcon1024,1000,drop,RddjaknVjh.pcap,11,4,5913,228,0,0,0,0
1634669901,1634669902,349,359.2951298,falcon1024,1000,drop,RddjaknVjh.pcap,12,4,5969,228,0,0,0,0
1634669905,1634669906,350,355.2160263,falcon1024,1000,drop,RddjaknVjh.pcap,12,4,5966,228,0,0,0,0
1634669910,1634669910,351,338.7641907,falcon1024,1000,drop,RddjaknVjh.pcap,11,4,5908,228,0,0,0,0
1634669914,1634669914,352,375.6148815,falcon1024,1000,drop,RddjaknVjh.pcap,12,4,5975,228,0,0,0,0
1634669918,1634669918,353,359.4288826,falcon1024,1000,drop,RddjaknVjh.pcap,12,4,5966,228,0,0,0,0
1634669923,1634669923,354,361.5620136,falcon1024,1000,drop,RddjaknVjh.pcap,11,4,5915,228,0,0,0,0
1634669927,1634669927,355,384.1519356,falcon1024,1000,drop,RddjaknVjh.pcap,12,4,5968,228,0,0,0,0
1634669931,1634669932,356,365.2408123,falcon1024,1000,drop,RddjaknVjh.pcap,12,4,5973,228,0,0,0,0
1634669936,1634669936,357,345.5688953,falcon1024,1000,drop,RddjaknVjh.pcap,12,4,5968,228,0,0,0,0
1634669940,1634669940,358,356.4491272,falcon1024,1000,drop,RddjaknVjh.pcap,12,4,5962,228,0,0,0,0
1634669944,1634669945,359,378.9579868,falcon1024,1000,drop,RddjaknVjh.pcap,11,4,5911,228,0,0,0,0
1634669948,1634669949,360,375.8630753,falcon1024,1000,drop,RddjaknVjh.pcap,11,4,5912,228,0,0,0,0
1634669953,1634669953,361,375.0941753,falcon1024,1000,drop,RddjaknVjh.pcap,12,4,5971,228,0,0,0,0
1634669957,1634669957,362,366.8849468,falcon1024,1000,drop,RddjaknVjh.pcap,12,4,5965,228,0,0,0,0
1634669961,1634669962,363,385.6902122,falcon1024,1000,drop,RddjaknVjh.pcap,12,4,5973,228,0,0,0,0
1634669966,1634669966,364,358.8140011,falcon1024,1000,drop,RddjaknVjh.pcap,11,4,5913,228,0,0,0,0
1634669970,1634669970,365,352.0309925,falcon1024,1000,drop,RddjaknVjh.pcap,12,4,5972,228,0,0,0,0
1634669974,1634669975,366,371.7370033,falcon1024,1000,drop,RddjaknVjh.pcap,12,4,5972,228,0,0,0,0
1634669979,1634669979,367,375.1270771,falcon1024,1000,drop,RddjaknVjh.pcap,11,4,5906,228,0,0,0,0
1634669983,1634669984,368,397.5179195,falcon1024,1000,drop,RddjaknVjh.pcap,11,4,5906,228,0,0,0,0
1634669987,1634669988,369,351.4909744,falcon1024,1000,drop,RddjaknVjh.pcap,11,4,5915,228,0,0,0,0
1634669992,1634669992,370,387.1929646,falcon1024,1000,drop,RddjaknVjh.pcap,12,4,5970,228,0,0,0,0
1634669996,1634669997,371,372.1170425,falcon1024,1000,drop,RddjaknVjh.pcap,12,4,5973,228,0,0,0,0
1634670000,1634670001,372,368.0369854,falcon1024,1000,drop,RddjaknVjh.pcap,12,4,5968,228,0,0,0,0
1634670005,1634670005,373,382.1899891,falcon1024,1000,drop,RddjaknVjh.pcap,12,4,5968,228,0,0,0,0
1634670009,1634670009,374,365.6861782,falcon1024,1000,drop,RddjaknVjh.pcap,12,4,5968,228,0,0,0,0
1634670013,1634670014,375,374.2001057,falcon1024,1000,drop,RddjaknVjh.pcap,12,4,5967,228,0,0,0,0
1634670017,1634670018,376,388.092041,falcon1024,1000,drop,RddjaknVjh.pcap,12,4,5969,228,0,0,0,0
1634670022,1634670022,377,362.1609211,falcon1024,1000,drop,RddjaknVjh.pcap,11,4,5909,228,0,0,0,0
1634670026,1634670026,378,370.5260754,falcon1024,1000,drop,RddjaknVjh.pcap,12,4,5972,228,0,0,0,0
1634670030,1634670031,379,384.9489689,falcon1024,1000,drop,RddjaknVjh.pcap,11,4,5909,228,0,0,0,0
1634670034,1634670035,380,347.3968506,falcon1024,1000,drop,RddjaknVjh.pcap,11,4,5911,228,0,0,0,0
1634670039,1634670039,381,366.2660122,falcon1024,1000,drop,RddjaknVjh.pcap,12,4,5967,228,0,0,0,0
1634670043,1634670043,382,375.8039474,falcon1024,1000,drop,RddjaknVjh.pcap,11,4,5904,228,0,0,0,0
1634670047,1634670048,383,375.7801056,falcon1024,1000,drop,RddjaknVjh.pcap,11,4,5906,228,0,0,0,0
1634670052,1634670052,384,376.3639927,falcon1024,1000,drop,RddjaknVjh.pcap,11,4,5909,228,0,0,0,0
1634670056,1634670056,385,388.2439137,falcon1024,1000,drop,RddjaknVjh.pcap,12,4,5969,228,0,0,0,0
1634670060,1634670061,386,381.8719387,falcon1024,1000,drop,RddjaknVjh.pcap,14,4,6078,228,0,0,0,0
1634670065,1634670065,387,367.4581051,falcon1024,1000,drop,RddjaknVjh.pcap,13,4,6016,228,0,0,0,0
1634670069,1634670069,388,369.2071438,falcon1024,1000,drop,RddjaknVjh.pcap,12,4,5970,228,0,0,0,0
1634670074,1634670074,389,367.3989773,falcon1024,1000,drop,RddjaknVjh.pcap,12,4,5969,228,0,0,0,0
1634670078,1634670078,390,398.8831043,falcon1024,1000,drop,RddjaknVjh.pcap,12,4,5975,228,0,0,0,0
1634670082,1634670083,391,362.8890514,falcon1024,1000,drop,RddjaknVjh.pcap,12,4,5972,228,0,0,0,0
1634670087,1634670087,392,383.3379745,falcon1024,1000,drop,RddjaknVjh.pcap,12,4,5974,228,0,0,0,0
1634670091,1634670091,393,361.978054,falcon1024,1000,drop,RddjaknVjh.pcap,12,4,5974,228,0,0,0,0
1634670095,1634670096,394,379.6520233,falcon1024,1000,drop,RddjaknVjh.pcap,12,4,5970,228,0,0,0,0
1634670100,1634670100,395,364.3860817,falcon1024,1000,drop,RddjaknVjh.pcap,11,4,5905,228,0,0,0,0
1634670104,1634670105,396,374.1979599,falcon1024,1000,drop,RddjaknVjh.pcap,11,4,5909,228,0,0,0,0
1634670108,1634670109,397,396.9020844,falcon1024,1000,drop,RddjaknVjh.pcap,12,4,5976,228,0,0,0,0
1634670113,1634670113,398,382.3578358,falcon1024,1000,drop,RddjaknVjh.pcap,12,4,5965,228,0,0,0,0
1634670117,1634670118,399,369.9550629,falcon1024,1000,drop,RddjaknVjh.pcap,11,4,5906,228,0,0,0,0
1634670122,1634670122,400,384.6671581,falcon1024,1000,drop,RddjaknVjh.pcap,11,4,5906,228,0,0,0,0
1634670126,1634670126,401,377.7859211,falcon1024,1000,drop,RddjaknVjh.pcap,12,4,5970,228,0,0,0,0
1634670130,1634670131,402,355.2429676,falcon1024,1000,drop,RddjaknVjh.pcap,12,4,5962,228,0,0,0,0
1634670134,1634670135,403,394.1340446,falcon1024,1000,drop,RddjaknVjh.pcap,12,4,5968,228,0,0,0,0
1634670139,1634670139,404,379.1999817,falcon1024,1000,drop,RddjaknVjh.pcap,11,4,5909,228,0,0,0,0
1634670143,1634670144,405,360.0420952,falcon1024,1000,drop,RddjaknVjh.pcap,11,4,5911,228,0,0,0,0
1634670147,1634670148,406,364.0120029,falcon1024,1000,drop,RddjaknVjh.pcap,11,4,5907,228,0,0,0,0
1634670152,1634670152,407,352.9388905,falcon1024,1000,drop,RddjaknVjh.pcap,12,4,5969,228,0,0,0,0
1634670156,1634670156,408,366.6369915,falcon1024,1000,drop,RddjaknVjh.pcap,11,4,5906,228,0,0,0,0
1634670160,1634670161,409,392.6689625,falcon1024,1000,drop,RddjaknVjh.pcap,12,4,5971,228,0,0,0,0
1634670165,1634670165,410,431.221962,falcon1024,1000,drop,RddjaknVjh.pcap,12,4,5967,228,0,0,0,0
1634670169,1634670169,411,382.6768398,falcon1024,1000,drop,RddjaknVjh.pcap,12,4,5968,228,0,0,0,0
1634670173,1634670174,412,353.415966,falcon1024,1000,drop,RddjaknVjh.pcap,12,4,5971,228,0,0,0,0
1634670178,1634670178,413,348.5791683,falcon1024,1000,drop,RddjaknVjh.pcap,12,4,5973,228,0,0,0,0
1634670182,1634670182,414,364.5448685,falcon1024,1000,drop,RddjaknVjh.pcap,12,4,5970,228,0,0,0,0
1634670186,1634670187,415,349.312067,falcon1024,1000,drop,RddjaknVjh.pcap,12,4,5964,228,0,0,0,0
1634670191,1634670191,416,381.5948963,falcon1024,1000,drop,RddjaknVjh.pcap,12,4,5968,228,0,0,0,0
1634670195,1634670195,417,355.9749126,falcon1024,1000,drop,RddjaknVjh.pcap,11,4,5905,228,0,0,0,0
1634670199,1634670200,418,376.2140274,falcon1024,1000,drop,RddjaknVjh.pcap,12,4,5975,228,0,0,0,0
1634670203,1634670204,419,365.7810688,falcon1024,1000,drop,RddjaknVjh.pcap,12,4,5967,228,0,0,0,0
1634670208,1634670208,420,383.8341236,falcon1024,1000,drop,RddjaknVjh.pcap,12,4,5965,228,0,0,0,0
1634670212,1634670212,421,368.1721687,falcon1024,1000,drop,RddjaknVjh.pcap,12,4,5968,228,0,0,0,0
1634670216,1634670217,422,367.390871,falcon1024,1000,drop,RddjaknVjh.pcap,12,4,5974,228,0,0,0,0
1634670220,1634670221,423,342.0200348,falcon1024,1000,drop,RddjaknVjh.pcap,11,4,5910,228,0,0,0,0
1634670224,1634670225,424,367.5379753,falcon1024,1000,drop,RddjaknVjh.pcap,12,4,5964,228,0,0,0,0
1634670229,1634670229,425,354.1390896,falcon1024,1000,drop,RddjaknVjh.pcap,11,4,5908,228,0,0,0,0
1634670233,1634670234,426,376.5010834,falcon1024,1000,drop,RddjaknVjh.pcap,12,4,5967,228,0,0,0,0
1634670238,1634670238,427,355.1430702,falcon1024,1000,drop,RddjaknVjh.pcap,11,4,5911,228,0,0,0,0
1634670242,1634670242,428,375.5471706,falcon1024,1000,drop,RddjaknVjh.pcap,12,4,5964,228,0,0,0,0
1634670246,1634670247,429,344.8989391,falcon1024,1000,drop,RddjaknVjh.pcap,12,4,5964,228,0,0,0,0
1634670250,1634670251,430,383.261919,falcon1024,1000,drop,RddjaknVjh.pcap,12,4,5973,228,0,0,0,0
1634670255,1634670255,431,368.5390949,falcon1024,1000,drop,RddjaknVjh.pcap,12,4,5960,228,0,0,0,0
1634670259,1634670259,432,375.9551048,falcon1024,1000,drop,RddjaknVjh.pcap,11,4,5907,228,0,0,0,0
1634670263,1634670264,433,363.64007,falcon1024,1000,drop,RddjaknVjh.pcap,11,5,5905,288,0,0,0,0
1634670268,1634670268,434,341.9129848,falcon1024,1000,drop,RddjaknVjh.pcap,11,4,5908,228,0,0,0,0
1634670272,1634670272,435,364.5429611,falcon1024,1000,drop,RddjaknVjh.pcap,12,4,5968,228,0,0,0,0
1634670276,1634670277,436,363.9290333,falcon1024,1000,drop,RddjaknVjh.pcap,12,4,5975,228,0,0,0,0
1634670281,1634670281,437,342.9348469,falcon1024,1000,drop,RddjaknVjh.pcap,11,4,5909,228,0,0,0,0
1634670285,1634670285,438,390.5961514,falcon1024,1000,drop,RddjaknVjh.pcap,12,4,5965,228,0,0,0,0
1634670289,1634670290,439,353.4669876,falcon1024,1000,drop,RddjaknVjh.pcap,12,4,5967,228,0,0,0,0
1634670293,1634670294,440,365.1528358,falcon1024,1000,drop,RddjaknVjh.pcap,12,4,5971,228,0,0,0,0
1634670297,1634670298,441,384.7339153,falcon1024,1000,drop,RddjaknVjh.pcap,11,5,5904,288,0,0,0,0
1634670302,1634670302,442,381.3109398,falcon1024,1000,drop,RddjaknVjh.pcap,11,5,5906,288,0,0,0,0
1634670306,1634670307,443,400.6121159,falcon1024,1000,drop,RddjaknVjh.pcap,11,4,5907,228,0,0,0,0
1634670310,1634670311,444,379.3311119,falcon1024,1000,drop,RddjaknVjh.pcap,12,4,5967,228,0,0,0,0
1634670315,1634670315,445,350.8439064,falcon1024,1000,drop,RddjaknVjh.pcap,12,4,5972,228,0,0,0,0
1634670319,1634670319,446,363.4619713,falcon1024,1000,drop,RddjaknVjh.pcap,11,4,5912,228,0,0,0,0
1634670323,1634670324,447,373.4200001,falcon1024,1000,drop,RddjaknVjh.pcap,12,4,5971,228,0,0,0,0
1634670328,1634670328,448,380.8050156,falcon1024,1000,drop,RddjaknVjh.pcap,14,4,6075,228,0,0,0,0
1634670332,1634670332,449,376.6388893,falcon1024,1000,drop,RddjaknVjh.pcap,14,4,6078,228,0,0,0,0
1634670336,1634670337,450,371.2179661,falcon1024,1000,drop,RddjaknVjh.pcap,12,4,5968,228,0,0,0,0
1634670341,1634670341,451,346.9610214,falcon1024,1000,drop,RddjaknVjh.pcap,11,4,5909,228,0,0,0,0
1634670345,1634670345,452,356.6789627,falcon1024,1000,drop,RddjaknVjh.pcap,12,4,5963,228,0,0,0,0
1634670349,1634670350,453,371.2821007,falcon1024,1000,drop,RddjaknVjh.pcap,12,4,5969,228,0,0,0,0
1634670354,1634670354,454,382.447958,falcon1024,1000,drop,RddjaknVjh.pcap,13,4,6013,228,0,0,0,0
1634670358,1634670358,455,370.1329231,falcon1024,1000,drop,RddjaknVjh.pcap,12,4,5968,228,0,0,0,0
1634670362,1634670363,456,375.164032,falcon1024,1000,drop,RddjaknVjh.pcap,12,4,5969,228,0,0,0,0
1634670367,1634670367,457,356.1060429,falcon1024,1000,drop,RddjaknVjh.pcap,12,4,5969,228,0,0,0,0
1634670371,1634670371,458,366.7879105,falcon1024,1000,drop,RddjaknVjh.pcap,11,4,5910,228,0,0,0,0
1634670375,1634670376,459,373.4400272,falcon1024,1000,drop,RddjaknVjh.pcap,12,4,5971,228,0,0,0,0
1634670379,1634670380,460,373.2540607,falcon1024,1000,drop,RddjaknVjh.pcap,12,4,5972,228,0,0,0,0
1634670384,1634670384,461,355.4940224,falcon1024,1000,drop,RddjaknVjh.pcap,12,4,5964,228,0,0,0,0
1634670388,1634670389,462,357.5160503,falcon1024,1000,drop,RddjaknVjh.pcap,12,4,5965,228,0,0,0,0
1634670392,1634670393,463,378.1809807,falcon1024,1000,drop,RddjaknVjh.pcap,12,4,5966,228,0,0,0,0
1634670397,1634670397,464,363.7988567,falcon1024,1000,drop,RddjaknVjh.pcap,12,4,5967,228,0,0,0,0
1634670401,1634670402,465,418.8289642,falcon1024,1000,drop,RddjaknVjh.pcap,12,4,5971,228,0,0,0,0
1634670405,1634670406,466,340.2359486,falcon1024,1000,drop,RddjaknVjh.pcap,12,4,5968,228,0,0,0,0
1634670410,1634670410,467,383.9030266,falcon1024,1000,drop,RddjaknVjh.pcap,12,4,5972,228,0,0,0,0
1634670414,1634670414,468,372.7748394,falcon1024,1000,drop,RddjaknVjh.pcap,12,4,5971,228,0,0,0,0
1634670418,1634670418,469,364.6559715,falcon1024,1000,drop,RddjaknVjh.pcap,12,4,5974,228,0,0,0,0
1634670422,1634670423,470,352.5521755,falcon1024,1000,drop,RddjaknVjh.pcap,14,4,6076,228,0,0,0,0
1634670426,1634670427,471,352.1461487,falcon1024,1000,drop,RddjaknVjh.pcap,11,4,5906,228,0,0,0,0
1634670431,1634670431,472,381.2530041,falcon1024,1000,drop,RddjaknVjh.pcap,12,4,5966,228,0,0,0,0
1634670435,1634670435,473,363.3930683,falcon1024,1000,drop,RddjaknVjh.pcap,12,4,5968,228,0,0,0,0
1634670439,1634670440,474,366.756916,falcon1024,1000,drop,RddjaknVjh.pcap,12,4,5972,228,0,0,0,0
1634670443,1634670444,475,335.0970745,falcon1024,1000,drop,RddjaknVjh.pcap,12,4,5973,228,0,0,0,0
1634670447,1634670448,476,364.2849922,falcon1024,1000,drop,RddjaknVjh.pcap,12,4,5973,228,0,0,0,0
1634670452,1634670452,477,355.3309441,falcon1024,1000,drop,RddjaknVjh.pcap,12,4,5967,228,0,0,0,0
1634670456,1634670456,478,367.5210476,falcon1024,1000,drop,RddjaknVjh.pcap,12,4,5967,228,0,0,0,0
1634670460,1634670461,479,366.727829,falcon1024,1000,drop,RddjaknVjh.pcap,11,4,5907,228,0,0,0,0
1634670464,1634670465,480,365.7019138,falcon1024,1000,drop,RddjaknVjh.pcap,11,4,5912,228,0,0,0,0
1634670469,1634670469,481,377.1748543,falcon1024,1000,drop,RddjaknVjh.pcap,12,4,5974,228,0,0,0,0
1634670473,1634670473,482,355.1650047,falcon1024,1000,drop,RddjaknVjh.pcap,11,4,5907,228,0,0,0,0
1634670477,1634670478,483,378.1089783,falcon1024,1000,drop,RddjaknVjh.pcap,12,4,5969,228,0,0,0,0
1634670481,1634670482,484,364.5138741,falcon1024,1000,drop,RddjaknVjh.pcap,12,4,5970,228,0,0,0,0
1634670486,1634670486,485,356.4150333,falcon1024,1000,drop,RddjaknVjh.pcap,12,4,5970,228,0,0,0,0
1634670490,1634670490,486,382.8268051,falcon1024,1000,drop,RddjaknVjh.pcap,12,4,5968,228,0,0,0,0
1634670494,1634670495,487,371.0269928,falcon1024,1000,drop,RddjaknVjh.pcap,12,4,5969,228,0,0,0,0
1634670499,1634670499,488,375.6930828,falcon1024,1000,drop,RddjaknVjh.pcap,11,4,5910,228,0,0,0,0
1634670503,1634670503,489,367.2699928,falcon1024,1000,drop,RddjaknVjh.pcap,12,4,5971,228,0,0,0,0
1634670507,1634670508,490,369.508028,falcon1024,1000,drop,RddjaknVjh.pcap,12,4,5967,228,0,0,0,0
1634670511,1634670512,491,366.1341667,falcon1024,1000,drop,RddjaknVjh.pcap,12,4,5965,228,0,0,0,0
1634670516,1634670516,492,364.3081188,falcon1024,1000,drop,RddjaknVjh.pcap,12,4,5965,228,0,0,0,0
1634670520,1634670520,493,365.3330803,falcon1024,1000,drop,RddjaknVjh.pcap,12,4,5963,228,0,0,0,0
1634670524,1634670525,494,381.8559647,falcon1024,1000,drop,RddjaknVjh.pcap,12,4,5971,228,0,0,0,0
1634670528,1634670529,495,344.4550037,falcon1024,1000,drop,RddjaknVjh.pcap,12,4,5967,228,0,0,0,0
1634670533,1634670533,496,359.6742153,falcon1024,1000,drop,RddjaknVjh.pcap,12,4,5969,228,0,0,0,0
1634670537,1634670538,497,353.0240059,falcon1024,1000,drop,RddjaknVjh.pcap,12,4,5966,228,0,0,0,0
1634670541,1634670542,498,340.7959938,falcon1024,1000,drop,RddjaknVjh.pcap,12,4,5968,228,0,0,0,0
1634670545,1634670546,499,364.6290302,falcon1024,1000,drop,RddjaknVjh.pcap,12,4,5973,228,0,0,0,0
1634670550,1634670550,500,372.3812103,falcon1024,1000,drop,RddjaknVjh.pcap,11,4,5908,228,0,0,0,0
1634670554,1634670554,501,396.3079453,falcon1024,1000,drop,RddjaknVjh.pcap,12,4,5967,228,0,0,0,0
1634670558,1634670558,502,376.7859936,falcon1024,1000,drop,RddjaknVjh.pcap,12,4,5963,228,0,0,0,0
1634670562,1634670563,503,373.5687733,falcon1024,1000,drop,RddjaknVjh.pcap,12,4,5967,228,0,0,0,0
1634670567,1634670567,504,351.2308598,falcon1024,1000,drop,RddjaknVjh.pcap,11,5,5912,288,0,0,0,0
1634670571,1634670571,505,367.5107956,falcon1024,1000,drop,RddjaknVjh.pcap,13,4,6018,228,0,0,0,0
1634670575,1634670576,506,344.8560238,falcon1024,1000,drop,RddjaknVjh.pcap,12,4,5969,228,0,0,0,0
1634670579,1634670580,507,339.5500183,falcon1024,1000,drop,RddjaknVjh.pcap,11,4,5907,228,0,0,0,0
1634670584,1634670584,508,345.4539776,falcon1024,1000,drop,RddjaknVjh.pcap,12,4,5969,228,0,0,0,0
1634670588,1634670588,509,350.4679203,falcon1024,1000,drop,RddjaknVjh.pcap,12,4,5964,228,0,0,0,0
1634670592,1634670593,510,373.636961,falcon1024,1000,drop,RddjaknVjh.pcap,12,4,5965,228,0,0,0,0
1634670597,1634670597,511,411.7670059,falcon1024,1000,drop,RddjaknVjh.pcap,12,4,5965,228,0,0,0,0
1634670601,1634670601,512,389.0559673,falcon1024,1000,drop,RddjaknVjh.pcap,11,4,5906,228,0,0,0,0
1634670605,1634670606,513,380.3091049,falcon1024,1000,drop,RddjaknVjh.pcap,11,4,5908,228,0,0,0,0
1634670610,1634670610,514,363.9318943,falcon1024,1000,drop,RddjaknVjh.pcap,11,5,5914,288,0,0,0,0
1634670614,1634670614,515,334.2268467,falcon1024,1000,drop,RddjaknVjh.pcap,12,4,5970,228,0,0,0,0
1634670618,1634670618,516,343.4648514,falcon1024,1000,drop,RddjaknVjh.pcap,11,4,5907,228,0,0,0,0
1634670622,1634670622,517,361.0920906,falcon1024,1000,drop,RddjaknVjh.pcap,12,4,5971,228,0,0,0,0
1634670626,1634670627,518,415.5669212,falcon1024,1000,drop,RddjaknVjh.pcap,12,4,5966,228,0,0,0,0
1634670631,1634670631,519,359.3788147,falcon1024,1000,drop,RddjaknVjh.pcap,12,4,5968,228,0,0,0,0
1634670635,1634670635,520,364.0680313,falcon1024,1000,drop,RddjaknVjh.pcap,12,4,5972,228,0,0,0,0
1634670639,1634670640,521,384.3758106,falcon1024,1000,drop,RddjaknVjh.pcap,12,4,5972,228,0,0,0,0
1634670643,1634670644,522,425.2998829,falcon1024,1000,drop,RddjaknVjh.pcap,11,5,5908,288,0,0,0,0
1634670648,1634670648,523,335.5009556,falcon1024,1000,drop,RddjaknVjh.pcap,12,4,5968,228,0,0,0,0
1634670652,1634670652,524,355.9088707,falcon1024,1000,drop,RddjaknVjh.pcap,11,4,5913,228,0,0,0,0
1634670656,1634670656,525,385.3480816,falcon1024,1000,drop,RddjaknVjh.pcap,12,4,5969,228,0,0,0,0
1634670660,1634670661,526,350.8160114,falcon1024,1000,drop,RddjaknVjh.pcap,12,4,5964,228,0,0,0,0
1634670664,1634670665,527,360.7981205,falcon1024,1000,drop,RddjaknVjh.pcap,12,4,5968,228,0,0,0,0
1634670669,1634670669,528,360.5699539,falcon1024,1000,drop,RddjaknVjh.pcap,12,4,5968,228,0,0,0,0
1634670673,1634670673,529,356.6980362,falcon1024,1000,drop,RddjaknVjh.pcap,12,4,5970,228,0,0,0,0
1634670677,1634670678,530,363.8329506,falcon1024,1000,drop,RddjaknVjh.pcap,11,4,5914,228,0,0,0,0
1634670682,1634670682,531,374.0148544,falcon1024,1000,drop,RddjaknVjh.pcap,12,4,5968,228,0,0,0,0
1634670686,1634670686,532,357.2359085,falcon1024,1000,drop,RddjaknVjh.pcap,12,4,5973,228,0,0,0,0
1634670690,1634670690,533,402.5690556,falcon1024,1000,drop,RddjaknVjh.pcap,12,4,5973,228,0,0,0,0
1634670694,1634670695,534,367.0189381,falcon1024,1000,drop,RddjaknVjh.pcap,12,4,5969,228,0,0,0,0
1634670699,1634670699,535,347.0349312,falcon1024,1000,drop,RddjaknVjh.pcap,12,4,5969,228,0,0,0,0
1634670703,1634670703,536,357.29599,falcon1024,1000,drop,RddjaknVjh.pcap,11,4,5913,228,0,0,0,0
1634670707,1634670707,537,422.1069813,falcon1024,1000,drop,RddjaknVjh.pcap,12,4,5970,228,0,0,0,0
1634670711,1634670712,538,379.4491291,falcon1024,1000,drop,RddjaknVjh.pcap,12,4,5967,228,0,0,0,0
1634670715,1634670716,539,383.4900856,falcon1024,1000,drop,RddjaknVjh.pcap,12,4,5968,228,0,0,0,0
1634670720,1634670720,540,379.1720867,falcon1024,1000,drop,RddjaknVjh.pcap,11,4,5908,228,0,0,0,0
1634670724,1634670724,541,337.9030228,falcon1024,1000,drop,RddjaknVjh.pcap,12,4,5969,228,0,0,0,0
1634670728,1634670728,542,363.4371758,falcon1024,1000,drop,RddjaknVjh.pcap,12,4,5971,228,0,0,0,0
1634670732,1634670733,543,380.2850246,falcon1024,1000,drop,RddjaknVjh.pcap,12,4,5965,228,0,0,0,0
1634670737,1634670737,544,375.7021427,falcon1024,1000,drop,RddjaknVjh.pcap,12,4,5969,228,0,0,0,0
1634670741,1634670741,545,363.0912304,falcon1024,1000,drop,RddjaknVjh.pcap,12,4,5970,228,0,0,0,0
1634670745,1634670745,546,370.5410957,falcon1024,1000,drop,RddjaknVjh.pcap,12,4,5973,228,0,0,0,0
1634670749,1634670750,547,380.1259995,falcon1024,1000,drop,RddjaknVjh.pcap,11,4,5908,228,0,0,0,0
1634670753,1634670754,548,425.5218506,falcon1024,1000,drop,RddjaknVjh.pcap,11,4,5907,228,0,0,0,0
1634670758,1634670758,549,423.1081009,falcon1024,1000,drop,RddjaknVjh.pcap,12,4,5968,228,0,0,0,0
1634670762,1634670762,550,362.2090816,falcon1024,1000,drop,RddjaknVjh.pcap,12,4,5973,228,0,0,0,0
1634670766,1634670767,551,365.5369282,falcon1024,1000,drop,RddjaknVjh.pcap,12,4,5971,228,0,0,0,0
1634670770,1634670771,552,357.8619957,falcon1024,1000,drop,RddjaknVjh.pcap,12,4,5968,228,0,0,0,0
1634670775,1634670775,553,391.4620876,falcon1024,1000,drop,RddjaknVjh.pcap,12,4,5967,228,0,0,0,0
1634670779,1634670779,554,371.4761734,falcon1024,1000,drop,RddjaknVjh.pcap,12,4,5974,228,0,0,0,0
1634670784,1634670784,555,353.5451889,falcon1024,1000,drop,RddjaknVjh.pcap,12,4,5967,228,0,0,0,0
1634670788,1634670788,556,365.4620647,falcon1024,1000,drop,RddjaknVjh.pcap,14,4,6081,228,0,0,0,0
1634670792,1634670792,557,377.3028851,falcon1024,1000,drop,RddjaknVjh.pcap,12,4,5961,228,0,0,0,0
1634670796,1634670797,558,376.5151501,falcon1024,1000,drop,RddjaknVjh.pcap,12,4,5969,228,0,0,0,0
1634670801,1634670801,559,361.1900806,falcon1024,1000,drop,RddjaknVjh.pcap,11,4,5914,228,0,0,0,0
1634670805,1634670805,560,388.051033,falcon1024,1000,drop,RddjaknVjh.pcap,12,4,5970,228,0,0,0,0
1634670809,1634670810,561,373.4021187,falcon1024,1000,drop,RddjaknVjh.pcap,14,4,6077,228,0,0,0,0
1634670813,1634670814,562,390.5501366,falcon1024,1000,drop,RddjaknVjh.pcap,11,4,5911,228,0,0,0,0
1634670818,1634670818,563,351.6178131,falcon1024,1000,drop,RddjaknVjh.pcap,11,4,5910,228,0,0,0,0
1634670822,1634670822,564,372.6079464,falcon1024,1000,drop,RddjaknVjh.pcap,11,5,5912,288,0,0,0,0
1634670826,1634670826,565,368.0639267,falcon1024,1000,drop,RddjaknVjh.pcap,12,4,5969,228,0,0,0,0
1634670830,1634670831,566,375.4858971,falcon1024,1000,drop,RddjaknVjh.pcap,11,4,5910,228,0,0,0,0
1634670835,1634670835,567,366.8038845,falcon1024,1000,drop,RddjaknVjh.pcap,14,4,6074,228,0,0,0,0
1634670839,1634670839,568,375.0851154,falcon1024,1000,drop,RddjaknVjh.pcap,11,4,5904,228,0,0,0,0
1634670843,1634670844,569,338.6530876,falcon1024,1000,drop,RddjaknVjh.pcap,12,4,5975,228,0,0,0,0
1634670847,1634670848,570,401.9989967,falcon1024,1000,drop,RddjaknVjh.pcap,14,4,6084,228,0,0,0,0
1634670852,1634670852,571,382.0621967,falcon1024,1000,drop,RddjaknVjh.pcap,12,4,5971,228,0,0,0,0
1634670856,1634670857,572,373.3298779,falcon1024,1000,drop,RddjaknVjh.pcap,12,4,5970,228,0,0,0,0
1634670861,1634670861,573,386.3899708,falcon1024,1000,drop,RddjaknVjh.pcap,12,4,5967,228,0,0,0,0
1634670865,1634670865,574,374.8719692,falcon1024,1000,drop,RddjaknVjh.pcap,11,5,5909,288,0,0,0,0
1634670869,1634670870,575,360.861063,falcon1024,1000,drop,RddjaknVjh.pcap,12,4,5969,228,0,0,0,0
1634670874,1634670874,576,376.8758774,falcon1024,1000,drop,RddjaknVjh.pcap,12,4,5969,228,0,0,0,0
1634670878,1634670878,577,365.9958839,falcon1024,1000,drop,RddjaknVjh.pcap,11,4,5911,228,0,0,0,0
1634670883,1634670883,578,359.5049381,falcon1024,1000,drop,RddjaknVjh.pcap,13,4,6018,228,0,0,0,0
1634670887,1634670887,579,371.3819981,falcon1024,1000,drop,RddjaknVjh.pcap,12,4,5970,228,0,0,0,0
1634670891,1634670892,580,366.3852215,falcon1024,1000,drop,RddjaknVjh.pcap,12,4,5967,228,0,0,0,0
1634670896,1634670896,581,393.6789036,falcon1024,1000,drop,RddjaknVjh.pcap,12,4,5967,228,0,0,0,0
1634670900,1634670900,582,399.9149799,falcon1024,1000,drop,RddjaknVjh.pcap,12,4,5967,228,0,0,0,0
1634670904,1634670905,583,370.8450794,falcon1024,1000,drop,RddjaknVjh.pcap,12,4,5970,228,0,0,0,0
1634670909,1634670909,584,374.5751381,falcon1024,1000,drop,RddjaknVjh.pcap,11,5,5914,288,0,0,0,0
1634670913,1634670913,585,361.4900112,falcon1024,1000,drop,RddjaknVjh.pcap,12,4,5973,228,0,0,0,0
1634670917,1634670918,586,384.1459751,falcon1024,1000,drop,RddjaknVjh.pcap,12,4,5979,228,0,0,0,0
1634670922,1634670922,587,367.3000336,falcon1024,1000,drop,RddjaknVjh.pcap,12,4,5968,228,0,0,0,0
1634670926,1634670926,588,384.6309185,falcon1024,1000,drop,RddjaknVjh.pcap,12,4,5972,228,0,0,0,0
1634670930,1634670931,589,377.3431778,falcon1024,1000,drop,RddjaknVjh.pcap,11,4,5913,228,0,0,0,0
1634670935,1634670935,590,393.1219578,falcon1024,1000,drop,RddjaknVjh.pcap,12,4,5968,228,0,0,0,0
1634670939,1634670939,591,350.9681225,falcon1024,1000,drop,RddjaknVjh.pcap,11,4,5906,228,0,0,0,0
1634670943,1634670944,592,400.4771709,falcon1024,1000,drop,RddjaknVjh.pcap,12,4,5963,228,0,0,0,0
1634670947,1634670948,593,363.7840748,falcon1024,1000,drop,RddjaknVjh.pcap,11,4,5913,228,0,0,0,0
1634670952,1634670952,594,370.0759411,falcon1024,1000,drop,RddjaknVjh.pcap,11,4,5907,228,0,0,0,0
1634670956,1634670956,595,426.9199371,falcon1024,1000,drop,RddjaknVjh.pcap,12,4,5968,228,0,0,0,0
1634670960,1634670961,596,357.9440117,falcon1024,1000,drop,RddjaknVjh.pcap,12,4,5968,228,0,0,0,0
1634670965,1634670965,597,358.8020802,falcon1024,1000,drop,RddjaknVjh.pcap,11,4,5909,228,0,0,0,0
1634670969,1634670969,598,391.5801048,falcon1024,1000,drop,RddjaknVjh.pcap,12,4,5965,228,0,0,0,0
1634670973,1634670974,599,359.5230579,falcon1024,1000,drop,RddjaknVjh.pcap,11,4,5908,228,0,0,0,0
1634670977,1634670978,600,382.0631504,falcon1024,1000,drop,RddjaknVjh.pcap,11,4,5907,228,0,0,0,0
1634670982,1634670982,601,416.2979126,falcon1024,1000,drop,RddjaknVjh.pcap,11,4,5914,228,0,0,0,0
1634670986,1634670986,602,372.469902,falcon1024,1000,drop,RddjaknVjh.pcap,11,4,5909,228,0,0,0,0
1634670990,1634670990,603,385.1821423,falcon1024,1000,drop,RddjaknVjh.pcap,14,4,6082,228,0,0,0,0
1634670994,1634670995,604,361.301899,falcon1024,1000,drop,RddjaknVjh.pcap,11,4,5904,228,0,0,0,0
1634670999,1634670999,605,359.6088886,falcon1024,1000,drop,RddjaknVjh.pcap,11,4,5910,228,0,0,0,0
1634671003,1634671003,606,355.8428288,falcon1024,1000,drop,RddjaknVjh.pcap,11,4,5911,228,0,0,0,0
1634671008,1634671008,607,365.5059338,falcon1024,1000,drop,RddjaknVjh.pcap,12,4,5975,228,0,0,0,0
1634671012,1634671012,608,359.8098755,falcon1024,1000,drop,RddjaknVjh.pcap,12,4,5967,228,0,0,0,0
1634671016,1634671017,609,379.7669411,falcon1024,1000,drop,RddjaknVjh.pcap,11,4,5912,228,0,0,0,0
1634671020,1634671021,610,359.9970341,falcon1024,1000,drop,RddjaknVjh.pcap,12,4,5963,228,0,0,0,0
1634671025,1634671025,611,348.2339382,falcon1024,1000,drop,RddjaknVjh.pcap,12,4,5973,228,0,0,0,0
1634671029,1634671029,612,363.0149364,falcon1024,1000,drop,RddjaknVjh.pcap,12,4,5974,228,0,0,0,0
1634671033,1634671034,613,376.3830662,falcon1024,1000,drop,RddjaknVjh.pcap,12,4,5974,228,0,0,0,0
1634671038,1634671038,614,363.9008999,falcon1024,1000,drop,RddjaknVjh.pcap,12,4,5969,228,0,0,0,0
1634671042,1634671042,615,388.4150982,falcon1024,1000,drop,RddjaknVjh.pcap,12,4,5969,228,0,0,0,0
1634671046,1634671047,616,373.2309341,falcon1024,1000,drop,RddjaknVjh.pcap,11,4,5912,228,0,0,0,0
1634671051,1634671051,617,373.7208843,falcon1024,1000,drop,RddjaknVjh.pcap,13,4,6016,228,0,0,0,0
1634671055,1634671055,618,362.9670143,falcon1024,1000,drop,RddjaknVjh.pcap,12,4,5967,228,0,0,0,0
1634671059,1634671059,619,383.630991,falcon1024,1000,drop,RddjaknVjh.pcap,14,4,6073,228,0,0,0,0
1634671063,1634671064,620,375.1308918,falcon1024,1000,drop,RddjaknVjh.pcap,11,4,5911,228,0,0,0,0
1634671068,1634671068,621,388.9369965,falcon1024,1000,drop,RddjaknVjh.pcap,11,4,5907,228,0,0,0,0
1634671072,1634671072,622,372.9460239,falcon1024,1000,drop,RddjaknVjh.pcap,12,4,5968,228,0,0,0,0
1634671076,1634671077,623,364.5730019,falcon1024,1000,drop,RddjaknVjh.pcap,12,4,5966,228,0,0,0,0
1634671081,1634671081,624,381.1891079,falcon1024,1000,drop,RddjaknVjh.pcap,12,4,5971,228,0,0,0,0
1634671085,1634671086,625,398.1359005,falcon1024,1000,drop,RddjaknVjh.pcap,11,4,5915,228,0,0,0,0
1634671089,1634671090,626,391.4070129,falcon1024,1000,drop,RddjaknVjh.pcap,11,4,5906,228,0,0,0,0
1634671094,1634671094,627,372.9009628,falcon1024,1000,drop,RddjaknVjh.pcap,11,4,5903,228,0,0,0,0
1634671098,1634671098,628,338.2239342,falcon1024,1000,drop,RddjaknVjh.pcap,12,4,5963,228,0,0,0,0
1634671102,1634671103,629,369.4300652,falcon1024,1000,drop,RddjaknVjh.pcap,11,4,5907,228,0,0,0,0
1634671106,1634671107,630,373.059988,falcon1024,1000,drop,RddjaknVjh.pcap,11,4,5911,228,0,0,0,0
1634671111,1634671111,631,365.4398918,falcon1024,1000,drop,RddjaknVjh.pcap,12,4,5972,228,0,0,0,0
1634671115,1634671115,632,391.2611008,falcon1024,1000,drop,RddjaknVjh.pcap,11,4,5909,228,0,0,0,0
1634671119,1634671120,633,362.9181385,falcon1024,1000,drop,RddjaknVjh.pcap,11,4,5914,228,0,0,0,0
1634671123,1634671124,634,355.6208611,falcon1024,1000,drop,RddjaknVjh.pcap,12,4,5973,228,0,0,0,0
1634671128,1634671128,635,380.053997,falcon1024,1000,drop,RddjaknVjh.pcap,11,4,5910,228,0,0,0,0
1634671132,1634671132,636,396.8579769,falcon1024,1000,drop,RddjaknVjh.pcap,12,4,5966,228,0,0,0,0
1634671136,1634671137,637,381.6070557,falcon1024,1000,drop,RddjaknVjh.pcap,11,4,5906,228,0,0,0,0
1634671140,1634671141,638,374.6099472,falcon1024,1000,drop,RddjaknVjh.pcap,11,4,5915,228,0,0,0,0
1634671145,1634671145,639,387.3100281,falcon1024,1000,drop,RddjaknVjh.pcap,12,4,5970,228,0,0,0,0
1634671149,1634671149,640,385.4219913,falcon1024,1000,drop,RddjaknVjh.pcap,12,4,5970,228,0,0,0,0
1634671153,1634671154,641,381.223917,falcon1024,1000,drop,RddjaknVjh.pcap,12,4,5972,228,0,0,0,0
1634671157,1634671158,642,381.8330765,falcon1024,1000,drop,RddjaknVjh.pcap,11,4,5909,228,0,0,0,0
1634671162,1634671162,643,359.8191738,falcon1024,1000,drop,RddjaknVjh.pcap,12,4,5965,228,0,0,0,0
1634671166,1634671167,644,365.4658794,falcon1024,1000,drop,RddjaknVjh.pcap,12,4,5970,228,0,0,0,0
1634671171,1634671171,645,385.7810497,falcon1024,1000,drop,RddjaknVjh.pcap,11,4,5907,228,0,0,0,0
1634671175,1634671175,646,370.1090813,falcon1024,1000,drop,RddjaknVjh.pcap,12,4,5969,228,0,0,0,0
1634671179,1634671179,647,365.4899597,falcon1024,1000,drop,RddjaknVjh.pcap,12,4,5969,228,0,0,0,0
1634671183,1634671184,648,387.8741264,falcon1024,1000,drop,RddjaknVjh.pcap,11,4,5910,228,0,0,0,0
1634671188,1634671188,649,373.4691143,falcon1024,1000,drop,RddjaknVjh.pcap,11,4,5908,228,0,0,0,0
1634671192,1634671192,650,371.3350296,falcon1024,1000,drop,RddjaknVjh.pcap,11,4,5908,228,0,0,0,0
1634671196,1634671197,651,380.0458908,falcon1024,1000,drop,RddjaknVjh.pcap,11,4,5914,228,0,0,0,0
1634671201,1634671201,652,382.8780651,falcon1024,1000,drop,RddjaknVjh.pcap,11,4,5904,228,0,0,0,0
1634671205,1634671205,653,364.3569946,falcon1024,1000,drop,RddjaknVjh.pcap,12,4,5972,228,0,0,0,0
1634671210,1634671210,654,388.2479668,falcon1024,1000,drop,RddjaknVjh.pcap,11,5,5913,288,0,0,0,0
1634671214,1634671214,655,381.0322285,falcon1024,1000,drop,RddjaknVjh.pcap,14,4,6076,228,0,0,0,0
1634671218,1634671218,656,392.5821781,falcon1024,1000,drop,RddjaknVjh.pcap,11,4,5908,228,0,0,0,0
1634671222,1634671223,657,371.7851639,falcon1024,1000,drop,RddjaknVjh.pcap,12,4,5961,228,0,0,0,0
1634671227,1634671227,658,345.2620506,falcon1024,1000,drop,RddjaknVjh.pcap,11,4,5911,228,0,0,0,0
1634671231,1634671231,659,343.1820869,falcon1024,1000,drop,RddjaknVjh.pcap,12,4,5970,228,0,0,0,0
1634671235,1634671235,660,369.4150448,falcon1024,1000,drop,RddjaknVjh.pcap,11,4,5910,228,0,0,0,0
1634671239,1634671240,661,383.961916,falcon1024,1000,drop,RddjaknVjh.pcap,12,4,5964,228,0,0,0,0
1634671244,1634671244,662,368.5281277,falcon1024,1000,drop,RddjaknVjh.pcap,12,4,5967,228,0,0,0,0
1634671248,1634671248,663,367.2959805,falcon1024,1000,drop,RddjaknVjh.pcap,11,4,5914,228,0,0,0,0
1634671252,1634671253,664,373.9840984,falcon1024,1000,drop,RddjaknVjh.pcap,12,4,5974,228,0,0,0,0
1634671257,1634671257,665,358.4108353,falcon1024,1000,drop,RddjaknVjh.pcap,12,4,5967,228,0,0,0,0
1634671261,1634671261,666,369.6949482,falcon1024,1000,drop,RddjaknVjh.pcap,12,4,5971,228,0,0,0,0
1634671265,1634671266,667,383.6100101,falcon1024,1000,drop,RddjaknVjh.pcap,12,4,5972,228,0,0,0,0
1634671269,1634671270,668,385.748148,falcon1024,1000,drop,RddjaknVjh.pcap,12,4,5972,228,0,0,0,0
1634671274,1634671274,669,368.6180115,falcon1024,1000,drop,RddjaknVjh.pcap,12,4,5969,228,0,0,0,0
1634671278,1634671278,670,365.6320572,falcon1024,1000,drop,RddjaknVjh.pcap,12,4,5963,228,0,0,0,0
1634671282,1634671283,671,358.7229252,falcon1024,1000,drop,RddjaknVjh.pcap,11,4,5909,228,0,0,0,0
1634671287,1634671287,672,373.666048,falcon1024,1000,drop,RddjaknVjh.pcap,12,4,5970,228,0,0,0,0
1634671291,1634671291,673,364.0789986,falcon1024,1000,drop,RddjaknVjh.pcap,12,4,5971,228,0,0,0,0
1634671295,1634671296,674,364.1889095,falcon1024,1000,drop,RddjaknVjh.pcap,12,4,5972,228,0,0,0,0
1634671300,1634671300,675,350.522995,falcon1024,1000,drop,RddjaknVjh.pcap,12,4,5963,228,0,0,0,0
1634671304,1634671304,676,344.3319798,falcon1024,1000,drop,RddjaknVjh.pcap,12,4,5970,228,0,0,0,0
1634671308,1634671309,677,376.6880035,falcon1024,1000,drop,RddjaknVjh.pcap,12,4,5973,228,0,0,0,0
1634671312,1634671313,678,359.0240479,falcon1024,1000,drop,RddjaknVjh.pcap,12,4,5970,228,0,0,0,0
1634671317,1634671317,679,351.7529964,falcon1024,1000,drop,RddjaknVjh.pcap,12,4,5969,228,0,0,0,0
1634671321,1634671321,680,367.1579361,falcon1024,1000,drop,RddjaknVjh.pcap,12,4,5967,228,0,0,0,0
1634671325,1634671326,681,343.5950279,falcon1024,1000,drop,RddjaknVjh.pcap,12,4,5964,228,0,0,0,0
1634671330,1634671330,682,381.0539246,falcon1024,1000,drop,RddjaknVjh.pcap,12,4,5974,228,0,0,0,0
1634671334,1634671334,683,368.211031,falcon1024,1000,drop,RddjaknVjh.pcap,14,4,6082,228,0,0,0,0
1634671338,1634671339,684,372.8568554,falcon1024,1000,drop,RddjaknVjh.pcap,12,4,5964,228,0,0,0,0
1634671343,1634671343,685,362.5779152,falcon1024,1000,drop,RddjaknVjh.pcap,12,4,5973,228,0,0,0,0
1634671347,1634671347,686,363.697052,falcon1024,1000,drop,RddjaknVjh.pcap,12,4,5974,228,0,0,0,0
1634671351,1634671352,687,375.5910397,falcon1024,1000,drop,RddjaknVjh.pcap,12,4,5973,228,0,0,0,0
1634671356,1634671356,688,390.7189369,falcon1024,1000,drop,RddjaknVjh.pcap,11,4,5911,228,0,0,0,0
1634671360,1634671360,689,346.9209671,falcon1024,1000,drop,RddjaknVjh.pcap,12,4,5964,228,0,0,0,0
1634671364,1634671364,690,388.5560036,falcon1024,1000,drop,RddjaknVjh.pcap,12,4,5964,228,0,0,0,0
1634671368,1634671369,691,347.6788998,falcon1024,1000,drop,RddjaknVjh.pcap,12,4,5963,228,0,0,0,0
1634671373,1634671373,692,370.7461357,falcon1024,1000,drop,RddjaknVjh.pcap,13,5,6016,288,0,0,0,0
1634671377,1634671377,693,358.782053,falcon1024,1000,drop,RddjaknVjh.pcap,12,4,5968,228,0,0,0,0
1634671381,1634671382,694,384.262085,falcon1024,1000,drop,RddjaknVjh.pcap,12,4,5970,228,0,0,0,0
1634671386,1634671386,695,390.9349442,falcon1024,1000,drop,RddjaknVjh.pcap,12,4,5974,228,0,0,0,0
1634671390,1634671390,696,335.4170322,falcon1024,1000,drop,RddjaknVjh.pcap,12,4,5968,228,0,0,0,0
1634671394,1634671394,697,388.1499767,falcon1024,1000,drop,RddjaknVjh.pcap,12,4,5964,228,0,0,0,0
1634671398,1634671399,698,368.1440353,falcon1024,1000,drop,RddjaknVjh.pcap,11,4,5911,228,0,0,0,0
1634671403,1634671403,699,364.9220467,falcon1024,1000,drop,RddjaknVjh.pcap,11,4,5904,228,0,0,0,0
1634671407,1634671407,700,360.6479168,falcon1024,1000,drop,RddjaknVjh.pcap,11,4,5909,228,0,0,0,0
1634671411,1634671412,701,351.3140678,falcon1024,1000,drop,RddjaknVjh.pcap,12,4,5967,228,0,0,0,0
1634671416,1634671416,702,416.5740013,falcon1024,1000,drop,RddjaknVjh.pcap,12,4,5968,228,0,0,0,0
1634671420,1634671420,703,366.2731647,falcon1024,1000,drop,RddjaknVjh.pcap,11,4,5904,228,0,0,0,0
1634671424,1634671425,704,338.5748863,falcon1024,1000,drop,RddjaknVjh.pcap,11,4,5910,228,0,0,0,0
1634671429,1634671429,705,368.6430454,falcon1024,1000,drop,RddjaknVjh.pcap,11,4,5908,228,0,0,0,0
1634671433,1634671433,706,354.1550636,falcon1024,1000,drop,RddjaknVjh.pcap,11,4,5905,228,0,0,0,0
1634671437,1634671437,707,366.8408394,falcon1024,1000,drop,RddjaknVjh.pcap,11,4,5908,228,0,0,0,0
1634671441,1634671442,708,396.9869614,falcon1024,1000,drop,RddjaknVjh.pcap,12,4,5973,228,0,0,0,0
1634671446,1634671446,709,378.8609505,falcon1024,1000,drop,RddjaknVjh.pcap,11,4,5915,228,0,0,0,0
1634671450,1634671451,710,375.6718636,falcon1024,1000,drop,RddjaknVjh.pcap,12,4,5977,228,0,0,0,0
1634671454,1634671455,711,373.2869625,falcon1024,1000,drop,RddjaknVjh.pcap,12,4,5973,228,0,0,0,0
1634671459,1634671459,712,345.0319767,falcon1024,1000,drop,RddjaknVjh.pcap,12,4,5970,228,0,0,0,0
1634671463,1634671463,713,377.407074,falcon1024,1000,drop,RddjaknVjh.pcap,11,4,5906,228,0,0,0,0
1634671467,1634671468,714,357.9809666,falcon1024,1000,drop,RddjaknVjh.pcap,12,4,5974,228,0,0,0,0
1634671472,1634671472,715,389.1010284,falcon1024,1000,drop,RddjaknVjh.pcap,12,4,5973,228,0,0,0,0
1634671476,1634671476,716,378.8321018,falcon1024,1000,drop,RddjaknVjh.pcap,11,4,5914,228,0,0,0,0
1634671480,1634671480,717,375.428915,falcon1024,1000,drop,RddjaknVjh.pcap,12,4,5968,228,0,0,0,0
1634671484,1634671485,718,379.101038,falcon1024,1000,drop,RddjaknVjh.pcap,12,4,5969,228,0,0,0,0
1634671489,1634671489,719,359.3440056,falcon1024,1000,drop,RddjaknVjh.pcap,12,4,5969,228,0,0,0,0
1634671493,1634671493,720,356.4558029,falcon1024,1000,drop,RddjaknVjh.pcap,11,4,5908,228,0,0,0,0
1634671497,1634671498,721,391.4899826,falcon1024,1000,drop,RddjaknVjh.pcap,12,4,5965,228,0,0,0,0
1634671502,1634671502,722,380.7470798,falcon1024,1000,drop,RddjaknVjh.pcap,12,4,5970,228,0,0,0,0
1634671506,1634671506,723,367.8300381,falcon1024,1000,drop,RddjaknVjh.pcap,11,5,5911,288,0,0,0,0
1634671510,1634671511,724,367.9640293,falcon1024,1000,drop,RddjaknVjh.pcap,12,4,5967,228,0,0,0,0
1634671515,1634671515,725,375.9469986,falcon1024,1000,drop,RddjaknVjh.pcap,11,4,5908,228,0,0,0,0
1634671519,1634671519,726,370.5019951,falcon1024,1000,drop,RddjaknVjh.pcap,11,4,5904,228,0,0,0,0
1634671523,1634671524,727,364.6221161,falcon1024,1000,drop,RddjaknVjh.pcap,11,4,5909,228,0,0,0,0
1634671528,1634671528,728,365.4639721,falcon1024,1000,drop,RddjaknVjh.pcap,12,4,5973,228,0,0,0,0
1634671532,1634671532,729,366.204977,falcon1024,1000,drop,RddjaknVjh.pcap,12,4,5967,228,0,0,0,0
1634671536,1634671537,730,350.8219719,falcon1024,1000,drop,RddjaknVjh.pcap,12,4,5964,228,0,0,0,0
1634671541,1634671541,731,359.5349789,falcon1024,1000,drop,RddjaknVjh.pcap,12,4,5967,228,0,0,0,0
1634671545,1634671545,732,370.9859848,falcon1024,1000,drop,RddjaknVjh.pcap,11,4,5910,228,0,0,0,0
1634671549,1634671550,733,397.0348835,falcon1024,1000,drop,RddjaknVjh.pcap,12,4,5972,228,0,0,0,0
1634671554,1634671554,734,419.3060398,falcon1024,1000,drop,RddjaknVjh.pcap,12,4,5967,228,0,0,0,0
1634671558,1634671558,735,388.8971806,falcon1024,1000,drop,RddjaknVjh.pcap,12,4,5970,228,0,0,0,0
1634671562,1634671563,736,372.8280067,falcon1024,1000,drop,RddjaknVjh.pcap,12,4,5974,228,0,0,0,0
1634671566,1634671567,737,356.9140434,falcon1024,1000,drop,RddjaknVjh.pcap,11,4,5910,228,0,0,0,0
1634671571,1634671571,738,356.6219807,falcon1024,1000,drop,RddjaknVjh.pcap,12,4,5966,228,0,0,0,0
1634671575,1634671576,739,372.6859093,falcon1024,1000,drop,RddjaknVjh.pcap,12,4,5967,228,0,0,0,0
1634671580,1634671580,740,367.8719997,falcon1024,1000,drop,RddjaknVjh.pcap,12,4,5971,228,0,0,0,0
1634671584,1634671584,741,364.2911911,falcon1024,1000,drop,RddjaknVjh.pcap,11,4,5908,228,0,0,0,0
1634671589,1634671589,742,357.7811718,falcon1024,1000,drop,RddjaknVjh.pcap,12,4,5969,228,0,0,0,0
1634671593,1634671593,743,378.2269955,falcon1024,1000,drop,RddjaknVjh.pcap,12,4,5970,228,0,0,0,0
1634671597,1634671597,744,341.8250084,falcon1024,1000,drop,RddjaknVjh.pcap,11,4,5911,228,0,0,0,0
1634671601,1634671602,745,369.6880341,falcon1024,1000,drop,RddjaknVjh.pcap,12,4,5968,228,0,0,0,0
1634671606,1634671606,746,345.1499939,falcon1024,1000,drop,RddjaknVjh.pcap,12,4,5972,228,0,0,0,0
1634671610,1634671610,747,345.3819752,falcon1024,1000,drop,RddjaknVjh.pcap,12,4,5971,228,0,0,0,0
1634671614,1634671614,748,370.7950115,falcon1024,1000,drop,RddjaknVjh.pcap,11,4,5911,228,0,0,0,0
1634671618,1634671619,749,374.9530315,falcon1024,1000,drop,RddjaknVjh.pcap,12,4,5968,228,0,0,0,0
1634671623,1634671623,750,378.702879,falcon1024,1000,drop,RddjaknVjh.pcap,11,4,5913,228,0,0,0,0
1634671628,1634671628,751,378.8399696,falcon1024,1000,drop,RddjaknVjh.pcap,11,4,5909,228,0,0,0,0
1634671632,1634671633,752,369.1828251,falcon1024,1000,drop,RddjaknVjh.pcap,12,4,5972,228,0,0,0,0
1634671637,1634671637,753,378.2000542,falcon1024,1000,drop,RddjaknVjh.pcap,12,4,5966,228,0,0,0,0
1634671641,1634671641,754,377.8789043,falcon1024,1000,drop,RddjaknVjh.pcap,11,4,5906,228,0,0,0,0
1634671645,1634671645,755,376.8079281,falcon1024,1000,drop,RddjaknVjh.pcap,12,4,5970,228,0,0,0,0
1634671649,1634671650,756,370.7330227,falcon1024,1000,drop,RddjaknVjh.pcap,12,4,5966,228,0,0,0,0
1634671654,1634671654,757,377.8970242,falcon1024,1000,drop,RddjaknVjh.pcap,11,4,5903,228,0,0,0,0
1634671658,1634671658,758,353.9309502,falcon1024,1000,drop,RddjaknVjh.pcap,11,4,5907,228,0,0,0,0
1634671662,1634671663,759,369.5878983,falcon1024,1000,drop,RddjaknVjh.pcap,12,4,5973,228,0,0,0,0
1634671667,1634671667,760,372.9610443,falcon1024,1000,drop,RddjaknVjh.pcap,12,4,5975,228,0,0,0,0
1634671671,1634671671,761,357.3789597,falcon1024,1000,drop,RddjaknVjh.pcap,12,4,5969,228,0,0,0,0
1634671675,1634671676,762,356.2250137,falcon1024,1000,drop,RddjaknVjh.pcap,12,4,5972,228,0,0,0,0
1634671680,1634671680,763,348.1390476,falcon1024,1000,drop,RddjaknVjh.pcap,11,4,5912,228,0,0,0,0
1634671684,1634671684,764,386.3320351,falcon1024,1000,drop,RddjaknVjh.pcap,12,4,5971,228,0,0,0,0
1634671688,1634671689,765,386.6078854,falcon1024,1000,drop,RddjaknVjh.pcap,12,4,5971,228,0,0,0,0
1634671692,1634671693,766,362.3101711,falcon1024,1000,drop,RddjaknVjh.pcap,12,4,5967,228,0,0,0,0
1634671696,1634671697,767,361.4740372,falcon1024,1000,drop,RddjaknVjh.pcap,12,4,5967,228,0,0,0,0
1634671701,1634671701,768,366.2099838,falcon1024,1000,drop,RddjaknVjh.pcap,12,4,5968,228,0,0,0,0
1634671705,1634671705,769,335.5920315,falcon1024,1000,drop,RddjaknVjh.pcap,12,4,5972,228,0,0,0,0
1634671709,1634671709,770,354.7570705,falcon1024,1000,drop,RddjaknVjh.pcap,11,4,5910,228,0,0,0,0
1634671713,1634671714,771,335.7720375,falcon1024,1000,drop,RddjaknVjh.pcap,11,4,5912,228,0,0,0,0
1634671717,1634671718,772,345.1290131,falcon1024,1000,drop,RddjaknVjh.pcap,12,4,5972,228,0,0,0,0
1634671722,1634671722,773,375.3790855,falcon1024,1000,drop,RddjaknVjh.pcap,12,4,5970,228,0,0,0,0
1634671726,1634671726,774,363.5029793,falcon1024,1000,drop,RddjaknVjh.pcap,11,4,5910,228,0,0,0,0
1634671730,1634671731,775,357.0051193,falcon1024,1000,drop,RddjaknVjh.pcap,11,4,5912,228,0,0,0,0
1634671734,1634671735,776,363.6658192,falcon1024,1000,drop,RddjaknVjh.pcap,12,4,5969,228,0,0,0,0
1634671739,1634671739,777,365.3309345,falcon1024,1000,drop,RddjaknVjh.pcap,12,4,5967,228,0,0,0,0
1634671743,1634671743,778,394.1421509,falcon1024,1000,drop,RddjaknVjh.pcap,11,4,5912,228,0,0,0,0
1634671747,1634671747,779,372.8849888,falcon1024,1000,drop,RddjaknVjh.pcap,11,4,5911,228,0,0,0,0
1634671751,1634671752,780,344.8119164,falcon1024,1000,drop,RddjaknVjh.pcap,11,4,5906,228,0,0,0,0
1634671755,1634671756,781,372.0710278,falcon1024,1000,drop,RddjaknVjh.pcap,12,4,5967,228,0,0,0,0
1634671760,1634671760,782,371.4570999,falcon1024,1000,drop,RddjaknVjh.pcap,12,4,5971,228,0,0,0,0
1634671764,1634671764,783,377.4619102,falcon1024,1000,drop,RddjaknVjh.pcap,12,4,5970,228,0,0,0,0
1634671768,1634671768,784,348.6180305,falcon1024,1000,drop,RddjaknVjh.pcap,11,4,5910,228,0,0,0,0
1634671772,1634671773,785,378.0379295,falcon1024,1000,drop,RddjaknVjh.pcap,12,4,5964,228,0,0,0,0
1634671777,1634671777,786,358.1521511,falcon1024,1000,drop,RddjaknVjh.pcap,14,4,6074,228,0,0,0,0
1634671781,1634671781,787,356.4591408,falcon1024,1000,drop,RddjaknVjh.pcap,12,4,5965,228,0,0,0,0
1634671785,1634671786,788,382.1229935,falcon1024,1000,drop,RddjaknVjh.pcap,11,4,5908,228,0,0,0,0
1634671789,1634671790,789,373.6870289,falcon1024,1000,drop,RddjaknVjh.pcap,11,4,5905,228,0,0,0,0
1634671794,1634671794,790,376.7249584,falcon1024,1000,drop,RddjaknVjh.pcap,12,4,5977,228,0,0,0,0
1634671798,1634671798,791,358.8249683,falcon1024,1000,drop,RddjaknVjh.pcap,12,4,5966,228,0,0,0,0
1634671802,1634671803,792,352.3221016,falcon1024,1000,drop,RddjaknVjh.pcap,12,4,5973,228,0,0,0,0
1634671807,1634671807,793,356.6331863,falcon1024,1000,drop,RddjaknVjh.pcap,12,4,5968,228,0,0,0,0
1634671811,1634671811,794,366.9319153,falcon1024,1000,drop,RddjaknVjh.pcap,12,4,5966,228,0,0,0,0
1634671815,1634671815,795,418.6079502,falcon1024,1000,drop,RddjaknVjh.pcap,14,4,6079,228,0,0,0,0
1634671819,1634671820,796,372.9798794,falcon1024,1000,drop,RddjaknVjh.pcap,12,4,5970,228,0,0,0,0
1634671824,1634671824,797,408.9951515,falcon1024,1000,drop,RddjaknVjh.pcap,12,4,5967,228,0,0,0,0
1634671828,1634671828,798,414.1128063,falcon1024,1000,drop,RddjaknVjh.pcap,11,4,5908,228,0,0,0,0
1634671832,1634671833,799,372.3208904,falcon1024,1000,drop,RddjaknVjh.pcap,11,4,5907,228,0,0,0,0
1634671836,1634671837,800,375.9350777,falcon1024,1000,drop,RddjaknVjh.pcap,12,4,5973,228,0,0,0,0
1634671841,1634671841,801,367.618084,falcon1024,1000,drop,RddjaknVjh.pcap,12,4,5967,228,0,0,0,0
1634671845,1634671845,802,373.1088638,falcon1024,1000,drop,RddjaknVjh.pcap,11,4,5910,228,0,0,0,0
1634671849,1634671850,803,391.9761181,falcon1024,1000,drop,RddjaknVjh.pcap,11,4,5905,228,0,0,0,0
1634671854,1634671854,804,353.8172245,falcon1024,1000,drop,RddjaknVjh.pcap,11,4,5909,228,0,0,0,0
1634671858,1634671858,805,378.6971569,falcon1024,1000,drop,RddjaknVjh.pcap,12,4,5971,228,0,0,0,0
1634671933,1634671934,807,379.9660206,falcon1024,1000,drop,RddjaknVjh.pcap,12,4,5971,228,0,0,0,0
1634671938,1634671938,808,371.3681698,falcon1024,1000,drop,RddjaknVjh.pcap,12,4,5970,228,0,0,0,0
1634671942,1634671942,809,375.494957,falcon1024,1000,drop,RddjaknVjh.pcap,12,4,5974,228,0,0,0,0
1634671946,1634671946,810,345.0958729,falcon1024,1000,drop,RddjaknVjh.pcap,11,4,5907,228,0,0,0,0
1634671950,1634671951,811,358.3791256,falcon1024,1000,drop,RddjaknVjh.pcap,12,4,5972,228,0,0,0,0
1634671954,1634671955,812,369.0800667,falcon1024,1000,drop,RddjaknVjh.pcap,11,4,5906,228,0,0,0,0
1634671959,1634671959,813,374.7029305,falcon1024,1000,drop,RddjaknVjh.pcap,12,4,5973,228,0,0,0,0
1634671963,1634671964,814,365.9939766,falcon1024,1000,drop,RddjaknVjh.pcap,11,4,5902,228,0,0,0,0
1634671999,1634672000,815,365.8289909,falcon1024,1000,drop,RddjaknVjh.pcap,11,4,5908,228,0,0,0,0
1634672003,1634672004,816,358.6988449,falcon1024,1000,drop,RddjaknVjh.pcap,12,4,5972,228,0,0,0,0
1634672008,1634672008,817,351.6769409,falcon1024,1000,drop,RddjaknVjh.pcap,12,4,5972,228,0,0,0,0
1634672012,1634672012,818,329.5369148,falcon1024,1000,drop,RddjaknVjh.pcap,11,4,5907,228,0,0,0,0
1634672016,1634672016,819,364.6409512,falcon1024,1000,drop,RddjaknVjh.pcap,11,4,5915,228,0,0,0,0
1634672020,1634672020,820,358.1368923,falcon1024,1000,drop,RddjaknVjh.pcap,12,4,5969,228,0,0,0,0
1634672024,1634672025,821,351.6330719,falcon1024,1000,drop,RddjaknVjh.pcap,12,4,5968,228,0,0,0,0
1634672028,1634672029,822,332.5879574,falcon1024,1000,drop,RddjaknVjh.pcap,12,4,5966,228,0,0,0,0
1634672032,1634672033,823,344.381094,falcon1024,1000,drop,RddjaknVjh.pcap,12,4,5970,228,0,0,0,0
1634672037,1634672037,824,351.2020111,falcon1024,1000,drop,RddjaknVjh.pcap,14,4,6077,228,0,0,0,0
1634672041,1634672041,825,351.1528969,falcon1024,1000,drop,RddjaknVjh.pcap,12,4,5966,228,0,0,0,0
1634672045,1634672046,826,337.4040127,falcon1024,1000,drop,RddjaknVjh.pcap,11,4,5909,228,0,0,0,0
1634672049,1634672050,827,346.9510078,falcon1024,1000,drop,RddjaknVjh.pcap,11,4,5910,228,0,0,0,0
1634672054,1634672054,828,340.5480385,falcon1024,1000,drop,RddjaknVjh.pcap,12,4,5972,228,0,0,0,0
1634672058,1634672058,829,354.156971,falcon1024,1000,drop,RddjaknVjh.pcap,11,4,5905,228,0,0,0,0
1634672062,1634672062,830,328.0410767,falcon1024,1000,drop,RddjaknVjh.pcap,12,4,5966,228,0,0,0,0
1634672066,1634672066,831,374.958992,falcon1024,1000,drop,RddjaknVjh.pcap,12,4,5974,228,0,0,0,0
1634672070,1634672071,832,350.8868217,falcon1024,1000,drop,RddjaknVjh.pcap,11,4,5913,228,0,0,0,0
1634672074,1634672075,833,349.5759964,falcon1024,1000,drop,RddjaknVjh.pcap,12,4,5969,228,0,0,0,0
1634672079,1634672079,834,359.0528965,falcon1024,1000,drop,RddjaknVjh.pcap,12,4,5969,228,0,0,0,0
1634672083,1634672083,835,379.6970844,falcon1024,1000,drop,RddjaknVjh.pcap,12,4,5977,228,0,0,0,0
1634672087,1634672087,836,360.1880074,falcon1024,1000,drop,RddjaknVjh.pcap,12,4,5974,228,0,0,0,0
1634672091,1634672091,837,361.7548943,falcon1024,1000,drop,RddjaknVjh.pcap,12,4,5972,228,0,0,0,0
1634672095,1634672096,838,357.489109,falcon1024,1000,drop,RddjaknVjh.pcap,12,4,5966,228,0,0,0,0
1634672100,1634672100,839,367.3269749,falcon1024,1000,drop,RddjaknVjh.pcap,11,4,5910,228,0,0,0,0
1634672104,1634672104,840,350.4948616,falcon1024,1000,drop,RddjaknVjh.pcap,12,4,5971,228,0,0,0,0
1634672108,1634672109,841,347.274065,falcon1024,1000,drop,RddjaknVjh.pcap,12,4,5966,228,0,0,0,0
1634672113,1634672113,842,342.6849842,falcon1024,1000,drop,RddjaknVjh.pcap,12,4,5972,228,0,0,0,0
1634672117,1634672117,843,354.5489311,falcon1024,1000,drop,RddjaknVjh.pcap,11,4,5905,228,0,0,0,0
1634672121,1634672122,844,365.3349876,falcon1024,1000,drop,RddjaknVjh.pcap,12,4,5967,228,0,0,0,0
1634672125,1634672126,845,352.5791168,falcon1024,1000,drop,RddjaknVjh.pcap,12,4,5965,228,0,0,0,0
1634672130,1634672130,846,353.0399799,falcon1024,1000,drop,RddjaknVjh.pcap,13,4,6021,228,0,0,0,0
1634672134,1634672135,847,349.3139744,falcon1024,1000,drop,RddjaknVjh.pcap,12,4,5965,228,0,0,0,0
1634672139,1634672139,848,333.0020905,falcon1024,1000,drop,RddjaknVjh.pcap,11,4,5910,228,0,0,0,0
1634672143,1634672143,849,354.3179035,falcon1024,1000,drop,RddjaknVjh.pcap,12,4,5970,228,0,0,0,0
1634672147,1634672147,850,369.6060181,falcon1024,1000,drop,RddjaknVjh.pcap,12,4,5970,228,0,0,0,0
1634672151,1634672152,851,352.7519703,falcon1024,1000,drop,RddjaknVjh.pcap,12,4,5970,228,0,0,0,0
1634672156,1634672156,852,335.5510235,falcon1024,1000,drop,RddjaknVjh.pcap,12,4,5972,228,0,0,0,0
1634672160,1634672160,853,325.6998062,falcon1024,1000,drop,RddjaknVjh.pcap,11,4,5912,228,0,0,0,0
1634672164,1634672164,854,343.1470394,falcon1024,1000,drop,RddjaknVjh.pcap,11,4,5902,228,0,0,0,0
1634672168,1634672169,855,331.1369419,falcon1024,1000,drop,RddjaknVjh.pcap,11,4,5911,228,0,0,0,0
1634672172,1634672173,856,348.3109474,falcon1024,1000,drop,RddjaknVjh.pcap,12,4,5967,228,0,0,0,0
1634672177,1634672177,857,369.4708347,falcon1024,1000,drop,RddjaknVjh.pcap,12,4,5971,228,0,0,0,0
1634672181,1634672181,858,343.7049389,falcon1024,1000,drop,RddjaknVjh.pcap,12,4,5970,228,0,0,0,0
1634672185,1634672186,859,356.4658165,falcon1024,1000,drop,RddjaknVjh.pcap,11,4,5908,228,0,0,0,0
1634672189,1634672190,860,357.3279381,falcon1024,1000,drop,RddjaknVjh.pcap,12,4,5973,228,0,0,0,0
1634672194,1634672194,861,355.8518887,falcon1024,1000,drop,RddjaknVjh.pcap,12,4,5969,228,0,0,0,0
1634672198,1634672199,862,358.2849503,falcon1024,1000,drop,RddjaknVjh.pcap,11,5,5906,288,0,0,0,0
1634672202,1634672203,863,345.9868431,falcon1024,1000,drop,RddjaknVjh.pcap,12,4,5970,228,0,0,0,0
1634672207,1634672207,864,335.9520435,falcon1024,1000,drop,RddjaknVjh.pcap,12,4,5962,228,0,0,0,0
1634672211,1634672211,865,368.1509495,falcon1024,1000,drop,RddjaknVjh.pcap,12,4,5971,228,0,0,0,0
1634672215,1634672216,866,353.5890579,falcon1024,1000,drop,RddjaknVjh.pcap,12,4,5958,228,0,0,0,0
1634672220,1634672220,867,343.9109325,falcon1024,1000,drop,RddjaknVjh.pcap,11,4,5904,228,0,0,0,0
1634672224,1634672224,868,331.1440945,falcon1024,1000,drop,RddjaknVjh.pcap,12,4,5970,228,0,0,0,0
1634672228,1634672228,869,350.8870602,falcon1024,1000,drop,RddjaknVjh.pcap,11,4,5907,228,0,0,0,0
1634672232,1634672232,870,356.7640781,falcon1024,1000,drop,RddjaknVjh.pcap,12,4,5966,228,0,0,0,0
1634672236,1634672237,871,355.4670811,falcon1024,1000,drop,RddjaknVjh.pcap,11,4,5917,228,0,0,0,0
1634672240,1634672241,872,374.1919994,falcon1024,1000,drop,RddjaknVjh.pcap,12,4,5969,228,0,0,0,0
1634672245,1634672245,873,356.9049835,falcon1024,1000,drop,RddjaknVjh.pcap,11,4,5907,228,0,0,0,0
1634672249,1634672249,874,361.2480164,falcon1024,1000,drop,RddjaknVjh.pcap,11,4,5909,228,0,0,0,0
1634672253,1634672253,875,368.4520721,falcon1024,1000,drop,RddjaknVjh.pcap,11,4,5906,228,0,0,0,0
1634672257,1634672258,876,344.3589211,falcon1024,1000,drop,RddjaknVjh.pcap,11,4,5909,228,0,0,0,0
1634672262,1634672262,877,354.1409969,falcon1024,1000,drop,RddjaknVjh.pcap,12,4,5971,228,0,0,0,0
1634672266,1634672267,878,353.924036,falcon1024,1000,drop,RddjaknVjh.pcap,12,4,5969,228,0,0,0,0
1634672271,1634672271,879,344.9800014,falcon1024,1000,drop,RddjaknVjh.pcap,12,4,5967,228,0,0,0,0
1634672275,1634672275,880,356.814146,falcon1024,1000,drop,RddjaknVjh.pcap,12,4,5974,228,0,0,0,0
1634672279,1634672280,881,367.4039841,falcon1024,1000,drop,RddjaknVjh.pcap,12,4,5970,228,0,0,0,0
1634672283,1634672284,882,356.771946,falcon1024,1000,drop,RddjaknVjh.pcap,11,4,5910,228,0,0,0,0
1634672288,1634672288,883,347.8288651,falcon1024,1000,drop,RddjaknVjh.pcap,11,4,5910,228,0,0,0,0
1634672292,1634672293,884,358.741045,falcon1024,1000,drop,RddjaknVjh.pcap,11,4,5906,228,0,0,0,0
1634672296,1634672297,885,360.8000278,falcon1024,1000,drop,RddjaknVjh.pcap,11,4,5904,228,0,0,0,0
1634672301,1634672301,886,345.4580307,falcon1024,1000,drop,RddjaknVjh.pcap,11,4,5908,228,0,0,0,0
1634672305,1634672305,887,368.4477806,falcon1024,1000,drop,RddjaknVjh.pcap,12,4,5963,228,0,0,0,0
1634672309,1634672309,888,364.5298481,falcon1024,1000,drop,RddjaknVjh.pcap,12,4,5967,228,0,0,0,0
1634672314,1634672314,889,351.7560959,falcon1024,1000,drop,RddjaknVjh.pcap,11,4,5906,228,0,0,0,0
1634672318,1634672318,890,368.2918549,falcon1024,1000,drop,RddjaknVjh.pcap,11,4,5905,228,0,0,0,0
1634672322,1634672323,891,365.3378487,falcon1024,1000,drop,RddjaknVjh.pcap,12,4,5970,228,0,0,0,0
1634672327,1634672327,892,404.7029018,falcon1024,1000,drop,RddjaknVjh.pcap,13,4,6018,228,0,0,0,0
1634672331,1634672331,893,354.1579247,falcon1024,1000,drop,RddjaknVjh.pcap,11,4,5910,228,0,0,0,0
1634672335,1634672335,894,370.7020283,falcon1024,1000,drop,RddjaknVjh.pcap,12,4,5968,228,0,0,0,0
1634672340,1634672340,895,384.0050697,falcon1024,1000,drop,RddjaknVjh.pcap,12,4,5970,228,0,0,0,0
1634672344,1634672344,896,377.876997,falcon1024,1000,drop,RddjaknVjh.pcap,11,4,5908,228,0,0,0,0
1634672348,1634672349,897,380.7790279,falcon1024,1000,drop,RddjaknVjh.pcap,12,4,5967,228,0,0,0,0
1634672353,1634672353,898,371.7110157,falcon1024,1000,drop,RddjaknVjh.pcap,12,4,5969,228,0,0,0,0
1634672357,1634672357,899,382.6088905,falcon1024,1000,drop,RddjaknVjh.pcap,11,4,5910,228,0,0,0,0
1634672361,1634672362,900,375.7579327,falcon1024,1000,drop,RddjaknVjh.pcap,11,4,5909,228,0,0,0,0
1634672366,1634672366,901,364.9339676,falcon1024,1000,drop,RddjaknVjh.pcap,12,4,5964,228,0,0,0,0
1634672370,1634672371,902,380.603075,falcon1024,1000,drop,RddjaknVjh.pcap,12,4,5967,228,0,0,0,0
1634672375,1634672375,903,369.7071075,falcon1024,1000,drop,RddjaknVjh.pcap,12,4,5971,228,0,0,0,0
1634672379,1634672379,904,353.9810181,falcon1024,1000,drop,RddjaknVjh.pcap,11,4,5912,228,0,0,0,0
1634672383,1634672384,905,376.0409355,falcon1024,1000,drop,RddjaknVjh.pcap,12,4,5969,228,0,0,0,0
1634672388,1634672388,906,359.3919277,falcon1024,1000,drop,RddjaknVjh.pcap,12,4,5968,228,0,0,0,0
1634672392,1634672392,907,379.7330856,falcon1024,1000,drop,RddjaknVjh.pcap,12,4,5972,228,0,0,0,0
1634672396,1634672397,908,391.7310238,falcon1024,1000,drop,RddjaknVjh.pcap,11,4,5909,228,0,0,0,0
1634672401,1634672401,909,371.2310791,falcon1024,1000,drop,RddjaknVjh.pcap,11,5,5909,288,0,0,0,0
1634672405,1634672405,910,348.336935,falcon1024,1000,drop,RddjaknVjh.pcap,12,4,5965,228,0,0,0,0
1634672409,1634672409,911,349.0819931,falcon1024,1000,drop,RddjaknVjh.pcap,12,4,5969,228,0,0,0,0
1634672413,1634672414,912,363.0580902,falcon1024,1000,drop,RddjaknVjh.pcap,12,4,5968,228,0,0,0,0
1634672418,1634672418,913,388.2360458,falcon1024,1000,drop,RddjaknVjh.pcap,11,4,5910,228,0,0,0,0
1634672422,1634672422,914,351.9411087,falcon1024,1000,drop,RddjaknVjh.pcap,12,4,5962,228,0,0,0,0
1634672426,1634672426,915,359.0118885,falcon1024,1000,drop,RddjaknVjh.pcap,11,4,5909,228,0,0,0,0
1634672430,1634672430,916,379.4059753,falcon1024,1000,drop,RddjaknVjh.pcap,11,4,5905,228,0,0,0,0
1634672434,1634672435,917,401.954174,falcon1024,1000,drop,RddjaknVjh.pcap,11,4,5911,228,0,0,0,0
1634672439,1634672439,918,385.6680393,falcon1024,1000,drop,RddjaknVjh.pcap,11,4,5905,228,0,0,0,0
1634672443,1634672444,919,392.0490742,falcon1024,1000,drop,RddjaknVjh.pcap,12,4,5964,228,0,0,0,0
1634672447,1634672448,920,368.6988354,falcon1024,1000,drop,RddjaknVjh.pcap,12,4,5976,228,0,0,0,0
1634672452,1634672452,921,356.1279774,falcon1024,1000,drop,RddjaknVjh.pcap,12,4,5967,228,0,0,0,0
1634672456,1634672456,922,352.036953,falcon1024,1000,drop,RddjaknVjh.pcap,12,4,5965,228,0,0,0,0
1634672460,1634672460,923,368.7610626,falcon1024,1000,drop,RddjaknVjh.pcap,12,4,5963,228,0,0,0,0
1634672464,1634672465,924,357.9640388,falcon1024,1000,drop,RddjaknVjh.pcap,11,4,5909,228,0,0,0,0
1634672468,1634672469,925,363.5721207,falcon1024,1000,drop,RddjaknVjh.pcap,11,4,5908,228,0,0,0,0
1634672473,1634672473,926,376.265049,falcon1024,1000,drop,RddjaknVjh.pcap,12,4,5970,228,0,0,0,0
1634672477,1634672477,927,366.9939041,falcon1024,1000,drop,RddjaknVjh.pcap,12,4,5967,228,0,0,0,0
1634672481,1634672482,928,372.1630573,falcon1024,1000,drop,RddjaknVjh.pcap,12,4,5969,228,0,0,0,0
1634672486,1634672486,929,373.7399578,falcon1024,1000,drop,RddjaknVjh.pcap,12,4,5975,228,0,0,0,0
1634672490,1634672490,930,371.7119694,falcon1024,1000,drop,RddjaknVjh.pcap,11,4,5908,228,0,0,0,0
1634672494,1634672495,931,338.1741047,falcon1024,1000,drop,RddjaknVjh.pcap,12,4,5966,228,0,0,0,0
1634672499,1634672499,932,339.4298553,falcon1024,1000,drop,RddjaknVjh.pcap,12,4,5966,228,0,0,0,0
1634672503,1634672503,933,346.3749886,falcon1024,1000,drop,RddjaknVjh.pcap,11,4,5916,228,0,0,0,0
1634672507,1634672507,934,381.2680244,falcon1024,1000,drop,RddjaknVjh.pcap,12,4,5966,228,0,0,0,0
1634672511,1634672511,935,358.9520454,falcon1024,1000,drop,RddjaknVjh.pcap,12,4,5972,228,0,0,0,0
1634672515,1634672516,936,370.2070713,falcon1024,1000,drop,RddjaknVjh.pcap,12,4,5973,228,0,0,0,0
1634672520,1634672520,937,362.8110886,falcon1024,1000,drop,RddjaknVjh.pcap,12,4,5972,228,0,0,0,0
1634672524,1634672524,938,381.125927,falcon1024,1000,drop,RddjaknVjh.pcap,12,4,5971,228,0,0,0,0
1634672528,1634672528,939,377.4199486,falcon1024,1000,drop,RddjaknVjh.pcap,12,4,5970,228,0,0,0,0
1634672532,1634672533,940,348.3140469,falcon1024,1000,drop,RddjaknVjh.pcap,12,4,5970,228,0,0,0,0
1634672537,1634672537,941,375.9839535,falcon1024,1000,drop,RddjaknVjh.pcap,11,4,5903,228,0,0,0,0
1634672541,1634672541,942,369.7788715,falcon1024,1000,drop,RddjaknVjh.pcap,11,4,5916,228,0,0,0,0
1634672545,1634672546,943,349.3850231,falcon1024,1000,drop,RddjaknVjh.pcap,11,4,5913,228,0,0,0,0
1634672549,1634672550,944,379.2881966,falcon1024,1000,drop,RddjaknVjh.pcap,12,4,5971,228,0,0,0,0
1634672554,1634672554,945,360.0251675,falcon1024,1000,drop,RddjaknVjh.pcap,11,4,5908,228,0,0,0,0
1634672558,1634672558,946,368.407011,falcon1024,1000,drop,RddjaknVjh.pcap,12,4,5974,228,0,0,0,0
1634672562,1634672562,947,386.7390156,falcon1024,1000,drop,RddjaknVjh.pcap,12,4,5968,228,0,0,0,0
1634672567,1634672567,948,374.9210835,falcon1024,1000,drop,RddjaknVjh.pcap,12,4,5970,228,0,0,0,0
1634672571,1634672571,949,345.468998,falcon1024,1000,drop,RddjaknVjh.pcap,12,4,5971,228,0,0,0,0
1634672575,1634672575,950,389.9600506,falcon1024,1000,drop,RddjaknVjh.pcap,14,4,6084,228,0,0,0,0
1634672579,1634672580,951,373.3761311,falcon1024,1000,drop,RddjaknVjh.pcap,12,4,5974,228,0,0,0,0
1634672584,1634672584,952,387.3810768,falcon1024,1000,drop,RddjaknVjh.pcap,13,4,6019,228,0,0,0,0
1634672588,1634672588,953,370.1748848,falcon1024,1000,drop,RddjaknVjh.pcap,12,4,5973,228,0,0,0,0
1634672592,1634672592,954,362.5071049,falcon1024,1000,drop,RddjaknVjh.pcap,11,4,5911,228,0,0,0,0
1634672596,1634672597,955,383.6750984,falcon1024,1000,drop,RddjaknVjh.pcap,11,4,5909,228,0,0,0,0
1634672601,1634672601,956,395.2248096,falcon1024,1000,drop,RddjaknVjh.pcap,12,4,5970,228,0,0,0,0
1634672605,1634672605,957,369.7299957,falcon1024,1000,drop,RddjaknVjh.pcap,12,4,5973,228,0,0,0,0
1634672610,1634672610,958,363.8458252,falcon1024,1000,drop,RddjaknVjh.pcap,12,4,5970,228,0,0,0,0
1634672614,1634672614,959,379.4558048,falcon1024,1000,drop,RddjaknVjh.pcap,11,4,5904,228,0,0,0,0
1634672618,1634672618,960,379.4260025,falcon1024,1000,drop,RddjaknVjh.pcap,11,4,5905,228,0,0,0,0
1634672622,1634672623,961,330.9509754,falcon1024,1000,drop,RddjaknVjh.pcap,12,4,5969,228,0,0,0,0
1634672626,1634672627,962,378.5111904,falcon1024,1000,drop,RddjaknVjh.pcap,12,4,5967,228,0,0,0,0
1634672630,1634672631,963,394.0429688,falcon1024,1000,drop,RddjaknVjh.pcap,12,4,5971,228,0,0,0,0
1634672635,1634672635,964,363.8150692,falcon1024,1000,drop,RddjaknVjh.pcap,12,4,5970,228,0,0,0,0
1634672639,1634672639,965,386.8710995,falcon1024,1000,drop,RddjaknVjh.pcap,12,4,5963,228,0,0,0,0
1634672643,1634672644,966,383.46982,falcon1024,1000,drop,RddjaknVjh.pcap,11,4,5907,228,0,0,0,0
1634672647,1634672648,967,361.9539738,falcon1024,1000,drop,RddjaknVjh.pcap,12,4,5974,228,0,0,0,0
1634672652,1634672652,968,374.573946,falcon1024,1000,drop,RddjaknVjh.pcap,12,4,5965,228,0,0,0,0
1634672656,1634672656,969,361.456871,falcon1024,1000,drop,RddjaknVjh.pcap,12,4,5972,228,0,0,0,0
1634672660,1634672660,970,364.8631573,falcon1024,1000,drop,RddjaknVjh.pcap,12,4,5969,228,0,0,0,0
1634672664,1634672665,971,389.2381191,falcon1024,1000,drop,RddjaknVjh.pcap,11,4,5906,228,0,0,0,0
1634672669,1634672669,972,371.9718456,falcon1024,1000,drop,RddjaknVjh.pcap,11,4,5907,228,0,0,0,0
1634672673,1634672674,973,358.2959175,falcon1024,1000,drop,RddjaknVjh.pcap,12,4,5971,228,0,0,0,0
1634672677,1634672678,974,368.4689999,falcon1024,1000,drop,RddjaknVjh.pcap,12,4,5962,228,0,0,0,0
1634672682,1634672682,975,377.2861958,falcon1024,1000,drop,RddjaknVjh.pcap,12,4,5965,228,0,0,0,0
1634672686,1634672686,976,368.2768345,falcon1024,1000,drop,RddjaknVjh.pcap,12,4,5972,228,0,0,0,0
1634672690,1634672691,977,362.7450466,falcon1024,1000,drop,RddjaknVjh.pcap,11,4,5911,228,0,0,0,0
1634672695,1634672695,978,384.2308521,falcon1024,1000,drop,RddjaknVjh.pcap,11,4,5904,228,0,0,0,0
1634672699,1634672699,979,393.666029,falcon1024,1000,drop,RddjaknVjh.pcap,12,4,5968,228,0,0,0,0
1634672703,1634672704,980,378.4928322,falcon1024,1000,drop,RddjaknVjh.pcap,11,4,5908,228,0,0,0,0
1634672708,1634672708,981,370.443821,falcon1024,1000,drop,RddjaknVjh.pcap,12,4,5976,228,0,0,0,0
1634672712,1634672712,982,369.2600727,falcon1024,1000,drop,RddjaknVjh.pcap,11,5,5904,288,0,0,0,0
1634672716,1634672717,983,379.5671463,falcon1024,1000,drop,RddjaknVjh.pcap,11,4,5907,228,0,0,0,0
1634672721,1634672721,984,370.0690269,falcon1024,1000,drop,RddjaknVjh.pcap,12,4,5965,228,0,0,0,0
1634672725,1634672725,985,363.6870384,falcon1024,1000,drop,RddjaknVjh.pcap,11,4,5914,228,0,0,0,0
1634672729,1634672729,986,351.2279987,falcon1024,1000,drop,RddjaknVjh.pcap,11,4,5904,228,0,0,0,0
1634672733,1634672734,987,370.9800243,falcon1024,1000,drop,RddjaknVjh.pcap,12,4,5963,228,0,0,0,0
1634672737,1634672738,988,349.5578766,falcon1024,1000,drop,RddjaknVjh.pcap,14,4,6076,228,0,0,0,0
1634672742,1634672742,989,356.883049,falcon1024,1000,drop,RddjaknVjh.pcap,12,4,5970,228,0,0,0,0
1634672746,1634672746,990,349.3349552,falcon1024,1000,drop,RddjaknVjh.pcap,11,4,5909,228,0,0,0,0
1634672750,1634672751,991,349.3390083,falcon1024,1000,drop,RddjaknVjh.pcap,12,4,5970,228,0,0,0,0
1634672754,1634672755,992,391.4380074,falcon1024,1000,drop,RddjaknVjh.pcap,12,4,5972,228,0,0,0,0
1634672759,1634672759,993,376.3360977,falcon1024,1000,drop,RddjaknVjh.pcap,14,4,6076,228,0,0,0,0
1634672763,1634672763,994,357.8939438,falcon1024,1000,drop,RddjaknVjh.pcap,11,4,5909,228,0,0,0,0
1634672767,1634672767,995,377.7270317,falcon1024,1000,drop,RddjaknVjh.pcap,11,4,5909,228,0,0,0,0
1634672771,1634672772,996,373.9378452,falcon1024,1000,drop,RddjaknVjh.pcap,12,4,5967,228,0,0,0,0
1634672775,1634672776,997,374.4440079,falcon1024,1000,drop,RddjaknVjh.pcap,11,4,5911,228,0,0,0,0
