RSA,Dilithium 2,Dilithium 3,Dilithium 5,Falcon 512,Falcon 1024,
391.7207717895508,362.2088432312012,417.08993911743164,402.1720886230469,390.2738094329834,388.11779022216797,
379.08291816711426,399.30200576782227,385.5018615722656,401.7679691314697,370.2280521392822,370.21899223327637,
401.38792991638184,368.7601089477539,377.03990936279297,404.2060375213623,388.369083404541,394.8049545288086,
398.2961177825928,367.46692657470703,407.0320129394531,413.8340950012207,390.8519744873047,381.8211555480957,
403.89013290405273,389.16015625,383.4381103515625,386.5630626678467,374.25708770751953,385.07699966430664,
380.8000087738037,381.2370300292969,410.97211837768555,401.60584449768066,374.2549419403076,385.8978748321533,
401.5181064605713,397.7341651916504,418.3499813079834,413.3341312408447,377.0291805267334,402.1909236907959,
394.07801628112793,388.4320259094238,370.43190002441406,405.12704849243164,368.0751323699951,399.5950222015381,
392.6889896392822,379.35781478881836,373.6109733581543,395.5228328704834,361.2098693847656,365.65113067626953,
394.2251205444336,375.75387954711914,398.2532024383545,409.5139503479004,366.63198471069336,385.21695137023926,
387.43090629577637,396.84295654296875,394.8400020599365,398.20098876953125,386.3649368286133,369.7478771209717,
383.10694694519043,399.6899127960205,392.27795600891113,401.0469913482666,390.17295837402344,383.5020065307617,
383.73398780822754,383.8388919830322,395.40600776672363,401.36194229125977,365.3719425201416,391.4318084716797,
389.91785049438477,366.65797233581543,385.99514961242676,400.55394172668457,362.35904693603516,363.2040023803711,
386.5690231323242,408.71310234069824,369.48704719543457,386.9810104370117,352.2040843963623,364.15815353393555,
404.2220115661621,379.57310676574707,408.2350730895996,371.45090103149414,379.8489570617676,386.48319244384766,
389.0111446380615,371.91200256347656,404.1941165924072,407.93299674987793,387.32194900512695,387.13693618774414,
397.4490165710449,364.26615715026855,423.6319065093994,393.6741352081299,394.4737911224365,390.71106910705566,
376.8789768218994,385.42985916137695,412.7988815307617,371.62208557128906,386.7042064666748,378.35192680358887,
396.9850540161133,381.93702697753906,414.26706314086914,374.76110458374023,367.0370578765869,369.2450523376465,
399.2931842803955,397.6931571960449,367.10500717163086,388.00907135009766,353.26504707336426,397.5551128387451,
399.66797828674316,364.53795433044434,397.3851203918457,400.0871181488037,391.8769359588623,363.1870746612549,
403.98311614990234,408.2040786743164,371.2790012359619,365.57888984680176,381.7899227142334,366.2858009338379,
391.9110298156738,400.8369445800781,388.1499767303467,374.1130828857422,359.3120574951172,374.88579750061035,
390.6419277191162,352.3211479187012,422.2731590270996,412.24002838134766,388.42105865478516,373.431921005249,
387.50290870666504,375.01001358032227,372.5578784942627,402.66990661621094,388.31496238708496,386.2910270690918,
394.8497772216797,381.0749053955078,419.3911552429199,410.2809429168701,370.8059787750244,394.758939743042,
383.620023727417,407.18913078308105,399.7039794921875,410.94398498535156,362.1540069580078,395.8740234375,
370.07880210876465,378.3278465270996,367.37918853759766,367.42091178894043,371.00887298583984,386.72614097595215,
387.85791397094727,375.316858291626,395.064115524292,407.43494033813477,390.9909725189209,385.1029872894287,
398.1349468231201,399.32894706726074,389.52183723449707,398.0550765991211,370.6398010253906,391.8161392211914,
378.85022163391113,379.5509338378906,389.04500007629395,413.4371280670166,363.33608627319336,363.6610507965088,
388.54479789733887,409.3661308288574,381.1841011047363,402.41289138793945,358.1819534301758,403.3658504486084,
402.77600288391113,369.33183670043945,389.85395431518555,391.8771743774414,367.3720359802246,367.5689697265625,
397.705078125,392.96698570251465,377.3510456085205,394.3450450897217,382.2369575500488,385.04815101623535,
387.2840404510498,390.5489444732666,382.9188346862793,371.55795097351074,392.38905906677246,401.4279842376709,
387.2859477996826,401.5240669250488,367.9490089416504,401.6439914703369,379.63199615478516,394.4120407104492,
384.9599361419678,399.2428779602051,406.343936920166,378.9989948272705,359.82298851013184,368.1509494781494,
395.8399295806885,354.5560836791992,402.5700092315674,407.3679447174072,384.66882705688477,385.93411445617676,
388.2560729980469,394.6349620819092,419.68703269958496,416.3370132446289,387.9849910736084,380.7499408721924,
399.37496185302734,391.312837600708,395.33114433288574,407.57083892822266,384.5560550689697,368.7310218811035,
384.22107696533203,403.8119316101074,398.8041877746582,409.97886657714844,355.64279556274414,390.07091522216797,
399.60193634033203,379.76908683776855,416.59092903137207,388.6089324951172,379.26793098449707,371.5498447418213,
393.9390182495117,373.0340003967285,363.4068965911865,391.73078536987305,370.6808090209961,364.0878200531006,
373.7220764160156,378.2360553741455,391.62588119506836,405.60102462768555,367.66505241394043,402.7597904205322,
399.3549346923828,400.96092224121094,388.9470100402832,404.1171073913574,387.2029781341553,371.4721202850342,
393.42212677001953,400.73490142822266,400.285005569458,370.41521072387695,372.0388412475586,394.49095726013184,
399.6279239654541,370.0549602508545,393.6171531677246,365.86689949035645,371.8240261077881,405.1339626312256,
402.15110778808594,396.8019485473633,388.98301124572754,385.98108291625977,390.5138969421387,406.0969352722168,
394.84095573425293,400.54988861083984,408.9198112487793,392.319917678833,374.67002868652344,393.69988441467285,
402.4660587310791,380.33604621887207,376.6510486602783,363.92807960510254,393.2628631591797,389.76597785949707,
399.7020721435547,383.23116302490234,389.79291915893555,400.5780220031738,371.1438179016113,395.4341411590576,
393.2220935821533,389.4779682159424,361.4001274108887,392.35997200012207,385.0369453430176,365.6589984893799,
380.5878162384033,404.54792976379395,377.8829574584961,391.5238380432129,350.55088996887207,389.44196701049805,
396.43216133117676,387.48693466186523,420.54009437561035,411.00001335144043,348.1791019439697,389.5280361175537,
389.4531726837158,359.6069812774658,394.58703994750977,384.03797149658203,355.23486137390137,386.62004470825195,
386.8880271911621,400.8610248565674,401.9911289215088,402.4989604949951,374.1269111633301,364.12692070007324,
385.99205017089844,389.5728588104248,365.8771514892578,364.3660545349121,350.5690097808838,373.49700927734375,
391.0360336303711,379.40192222595215,418.2090759277344,391.10302925109863,367.43688583374023,388.55814933776855,
386.92688941955566,370.0520992279053,392.52305030822754,396.1951732635498,361.02914810180664,395.89500427246094,
402.1639823913574,375.42104721069336,400.9690284729004,398.8311290740967,389.9109363555908,394.97995376586914,
393.0699825286865,399.8279571533203,391.571044921875,411.4840030670166,377.50792503356934,390.5630111694336,
400.3610610961914,380.92899322509766,376.09004974365234,386.48009300231934,367.9349422454834,364.7129535675049,
394.6189880371094,405.7178497314453,411.1509323120117,403.28311920166016,376.8801689147949,394.33908462524414,
374.19891357421875,395.4949378967285,403.0740261077881,402.13990211486816,366.17302894592285,394.35505867004395,
385.01620292663574,367.54298210144043,420.67599296569824,365.85307121276855,367.067813873291,389.86897468566895,
375.78892707824707,392.4880027770996,391.78991317749023,383.61287117004395,387.88795471191406,389.0690803527832,
398.939847946167,401.5321731567383,413.999080657959,400.1331329345703,356.2898635864258,398.6859321594238,
396.8830108642578,371.4940547943115,378.30090522766113,371.2449073791504,369.89593505859375,366.70708656311035,
395.6758975982666,396.90303802490234,387.8130912780762,376.57880783081055,384.65189933776855,383.28003883361816,
387.9721164703369,381.6220760345459,416.0959720611572,392.0860290527344,358.9029312133789,380.720853805542,
376.5270709991455,398.55408668518066,384.51290130615234,412.0068550109863,380.4020881652832,390.4740810394287,
371.29902839660645,383.7721347808838,417.8040027618408,374.5999336242676,365.06199836730957,390.9111022949219,
390.3651237487793,399.92809295654297,407.5491428375244,392.409086227417,367.95496940612793,390.89393615722656,
398.44608306884766,388.5190486907959,373.6379146575928,370.8510398864746,389.5690441131592,365.0810718536377,
390.3498649597168,387.2349262237549,415.39597511291504,411.1828804016113,388.0879878997803,370.7759380340576,
398.72217178344727,387.2859477996826,378.1108856201172,416.49484634399414,360.7640266418457,372.1940517425537,
392.97986030578613,385.026216506958,378.4351348876953,384.68098640441895,365.2920722961426,379.45103645324707,
386.8551254272461,364.5670413970947,413.6030673980713,391.58105850219727,349.69496726989746,382.1079730987549,
377.5491714477539,395.05505561828613,386.7518901824951,405.0438404083252,364.23611640930176,394.82998847961426,
398.3190059661865,392.0888900756836,372.8060722351074,406.66699409484863,376.76215171813965,373.39091300964355,
391.67189598083496,367.1400547027588,409.4860553741455,416.89610481262207,383.16798210144043,390.5789852142334,
385.9539031982422,375.44798851013184,359.07506942749023,373.76904487609863,358.2580089569092,381.7169666290283,
394.7000503540039,399.9018669128418,370.3958988189697,407.9458713531494,381.3159465789795,378.83996963500977,
381.5760612487793,386.02590560913086,385.58006286621094,372.3781108856201,362.7610206604004,386.86513900756836,
403.69582176208496,376.9979476928711,366.38784408569336,368.1769371032715,392.38500595092773,391.18289947509766,
388.0810737609863,399.57189559936523,384.08517837524414,408.97202491760254,371.6859817504883,404.3588638305664,
390.50793647766113,371.65117263793945,407.47904777526855,372.4508285522461,383.64601135253906,400.4778861999512,
399.6431827545166,364.89200592041016,392.72308349609375,397.46809005737305,372.13611602783203,391.8650150299072,
379.2757987976074,378.7660598754883,395.4901695251465,414.46900367736816,351.4440059661865,387.5398635864258,
384.23705101013184,382.7950954437256,384.39393043518066,396.64387702941895,364.92395401000977,371.42300605773926,
398.7271785736084,381.6571235656738,412.2190475463867,372.48992919921875,362.7901077270508,393.4149742126465,
402.1339416503906,371.9608783721924,392.86303520202637,401.3671875,358.81996154785156,363.5411262512207,
396.8930244445801,387.09211349487305,374.23110008239746,413.98096084594727,364.8498058319092,399.2600440979004,
387.5880241394043,394.6409225463867,399.4319438934326,416.00608825683594,357.241153717041,389.1940116882324,
399.02615547180176,390.3210163116455,400.7530212402344,396.96311950683594,371.0169792175293,396.88992500305176,
388.72480392456055,403.8851261138916,398.0858325958252,417.15002059936523,370.9890842437744,392.30799674987793,
399.59096908569336,370.64385414123535,382.6489448547363,386.0609531402588,370.913028717041,390.00391960144043,
395.1880931854248,382.17711448669434,409.68799591064453,406.7380428314209,349.9610424041748,389.50395584106445,
394.53983306884766,388.2439136505127,391.01314544677734,398.50783348083496,378.03101539611816,383.5470676422119,
403.4421443939209,408.3390235900879,376.28698348999023,387.1300220489502,355.2889823913574,390.61713218688965,
391.9248580932617,376.2800693511963,395.8160877227783,388.67878913879395,373.51393699645996,391.9181823730469,
391.2038803100586,380.40685653686523,394.5138454437256,376.737117767334,384.46807861328125,372.1809387207031,
375.8869171142578,375.12707710266113,411.6668701171875,400.47192573547363,366.37187004089355,377.7430057525635,
386.6281509399414,387.5107765197754,408.7719917297363,397.2430229187012,382.7319145202637,395.3590393066406,
384.0761184692383,392.56906509399414,422.47509956359863,398.6690044403076,369.21000480651855,368.5908317565918,
387.76516914367676,384.4430446624756,422.95217514038086,385.6840133666992,387.48693466186523,403.3639430999756,
370.1140880584717,382.0791244506836,398.6349105834961,372.7571964263916,369.72713470458984,400.5858898162842,
384.5689296722412,375.28109550476074,408.9689254760742,406.19492530822754,364.7148609161377,368.4678077697754,
387.13788986206055,404.5910835266113,399.2199897766113,398.21386337280273,383.54015350341797,390.2850151062012,
396.8532085418701,363.0678653717041,350.42715072631836,416.7749881744385,364.73894119262695,375.92196464538574,
400.3469944000244,389.10412788391113,390.87700843811035,408.505916595459,376.1899471282959,398.7851142883301,
386.915922164917,393.2301998138428,369.3270683288574,381.98208808898926,364.13002014160156,387.71510124206543,
383.8648796081543,390.56921005249023,376.5900135040283,412.9469394683838,376.478910446167,374.6669292449951,
395.4949378967285,352.0989418029785,398.99611473083496,407.50908851623535,374.8631477355957,388.5021209716797,
397.8090286254883,386.242151260376,416.2869453430176,369.79007720947266,376.68609619140625,373.20399284362793,
381.00600242614746,384.3271732330322,402.3399353027344,401.1960029602051,372.70092964172363,400.35510063171387,
399.80196952819824,402.1189212799072,410.0968837738037,365.6878471374512,366.24717712402344,395.25485038757324,
395.12014389038086,382.85303115844727,394.20294761657715,366.56999588012695,356.80699348449707,396.68917655944824,
380.95712661743164,380.47099113464355,368.69001388549805,377.6841163635254,363.04688453674316,394.3960666656494,
383.86988639831543,385.55312156677246,407.7160358428955,406.1849117279053,361.677885055542,384.56201553344727,
388.3078098297119,361.77587509155273,386.307954788208,402.4848937988281,373.81601333618164,394.24896240234375,
385.10608673095703,376.06287002563477,381.49094581604004,415.4009819030762,365.4589653015137,377.24804878234863,
391.83998107910156,375.4119873046875,371.2639808654785,405.08103370666504,362.684965133667,399.40500259399414,
383.1138610839844,367.556095123291,390.2568817138672,401.6001224517822,375.16188621520996,398.87213706970215,
399.14703369140625,390.4719352722168,380.7210922241211,381.51001930236816,357.96380043029785,385.0259780883789,
401.55506134033203,357.38396644592285,394.9410915374756,406.7230224609375,372.406005859375,381.1349868774414,
391.1881446838379,384.05489921569824,374.20105934143066,401.9598960876465,391.77393913269043,379.7180652618408,
386.66296005249023,355.12614250183105,353.7149429321289,413.41304779052734,371.91200256347656,384.2470645904541,
384.227991104126,375.15997886657715,369.49896812438965,386.02495193481445,378.02791595458984,379.96912002563477,
397.0661163330078,396.7018127441406,397.7010250091553,394.146203994751,387.10904121398926,385.6179714202881,
391.6339874267578,361.4540100097656,388.96918296813965,414.94107246398926,390.71106910705566,392.0941352844238,
382.6000690460205,366.30916595458984,396.04997634887695,401.0300636291504,348.6440181732178,394.8230743408203,
393.29004287719727,374.7289180755615,404.2928218841553,400.1481533050537,387.80903816223145,396.7578411102295,
384.7339153289795,376.0688304901123,401.2441635131836,371.93918228149414,379.1670799255371,403.0499458312988,
385.39910316467285,399.1999626159668,406.25596046447754,416.1689281463623,374.2702007293701,386.1520290374756,
393.42379570007324,356.3189506530762,401.01003646850586,408.74481201171875,378.2510757446289,396.1939811706543,
377.2881031036377,370.1801300048828,414.8848056793213,371.86193466186523,382.5869560241699,389.8348808288574,
378.2660961151123,373.46482276916504,382.13396072387695,410.46714782714844,361.96088790893555,366.8549060821533,
387.3889446258545,407.0749282836914,391.6771411895752,402.5130271911621,360.0959777832031,371.28186225891113,
388.9141082763672,388.58914375305176,390.1247978210449,405.163049697876,380.662202835083,399.84798431396484,
378.7679672241211,388.6120319366455,362.43700981140137,398.04911613464355,356.3389778137207,363.9709949493408,
382.8239440917969,386.0940933227539,394.61278915405273,418.49493980407715,389.8138999938965,383.87608528137207,
394.6659564971924,395.2610492706299,365.170955657959,415.77911376953125,356.74381256103516,392.7650451660156,
392.8811550140381,361.6609573364258,389.7390365600586,374.0248680114746,367.0687675476074,387.52198219299316,
404.1609764099121,374.6039867401123,395.7080841064453,409.4860553741455,382.2178840637207,384.6890926361084,
382.39002227783203,371.39391899108887,375.1969337463379,372.73502349853516,358.8900566101074,398.7269401550293,
372.2398281097412,394.93298530578613,417.63997077941895,402.8668403625488,358.71291160583496,369.88115310668945,
383.76498222351074,378.3550262451172,392.3051357269287,402.6961326599121,357.1610450744629,395.07198333740234,
398.35619926452637,362.98394203186035,380.80883026123047,401.5331268310547,381.1450004577637,392.29297637939453,
393.71204376220703,410.3248119354248,404.6628475189209,416.2871837615967,358.3641052246094,392.5800323486328,
385.84184646606445,358.71005058288574,414.8261547088623,407.59897232055664,386.584997177124,381.8349838256836,
378.8020610809326,378.220796585083,417.32001304626465,403.29504013061523,372.8821277618408,401.4861583709717,
398.09584617614746,389.21093940734863,373.49796295166016,407.21917152404785,370.3470230102539,370.18299102783203,
384.4931125640869,388.06796073913574,401.77202224731445,391.9789791107178,356.4109802246094,377.1810531616211,
396.608829498291,387.84098625183105,367.40899085998535,386.7509365081787,370.71704864501953,398.8640308380127,
399.25503730773926,390.94090461730957,415.3890609741211,395.2767848968506,373.6400604248047,395.4329490661621,
384.7980499267578,376.0201930999756,383.61406326293945,410.5110168457031,371.63305282592773,392.08078384399414,
390.6099796295166,373.58713150024414,385.0579261779785,368.43109130859375,371.89197540283203,393.5689926147461,
391.4659023284912,407.4890613555908,362.32614517211914,375.5800724029541,365.96107482910156,373.2759952545166,
402.7531147003174,384.17601585388184,360.6269359588623,392.3342227935791,379.14109230041504,387.164831161499,
381.1361789703369,389.7891044616699,414.16120529174805,395.6770896911621,383.4528923034668,404.31714057922363,
376.43909454345703,408.0541133880615,387.1428966522217,372.6849555969238,353.56688499450684,387.86792755126953,
387.81189918518066,385.7300281524658,411.5109443664551,407.87506103515625,348.28686714172363,380.4140090942383,
384.519100189209,410.5029106140137,398.53501319885254,405.25007247924805,352.8859615325928,367.2070503234863,
373.1529712677002,394.60206031799316,400.47311782836914,407.9411029815674,391.92795753479004,376.06287002563477,
378.34811210632324,357.42712020874023,408.51306915283203,406.217098236084,353.55401039123535,398.2400894165039,
395.2369689941406,365.9999370574951,405.54285049438477,403.26809883117676,348.73509407043457,396.496057510376,
403.41901779174805,401.14498138427734,365.5660152435303,364.2702102661133,392.28200912475586,383.36706161499023,
389.3609046936035,385.37096977233887,395.8249092102051,382.1418285369873,373.8729953765869,386.02304458618164,
370.26000022888184,400.38394927978516,363.50297927856445,407.0258140563965,386.90710067749023,404.02793884277344,
384.4468593597412,400.56586265563965,387.41183280944824,366.1630153656006,368.6079978942871,370.7859516143799,
398.9560604095459,405.0259590148926,401.63207054138184,387.16888427734375,363.03210258483887,374.21202659606934,
395.6170082092285,373.58999252319336,410.78996658325195,370.67198753356934,368.837833404541,371.26898765563965,
394.3181037902832,368.53981018066406,401.3051986694336,374.1331100463867,359.9529266357422,404.0558338165283,
395.98917961120605,374.54891204833984,416.7630672454834,372.8640079498291,373.0800151824951,400.2349376678467,
393.0361270904541,373.31295013427734,394.2129611968994,384.7088813781738,363.6758327484131,376.6000270843506,
395.3568935394287,367.77615547180176,386.4002227783203,399.9030590057373,359.58218574523926,381.6812038421631,
401.83305740356445,385.3001594543457,393.42188835144043,404.38294410705566,388.9470100402832,381.46400451660156,
399.19018745422363,386.0940933227539,410.30192375183105,385.0398063659668,367.74587631225586,396.3589668273926,
380.1109790802002,395.1840400695801,403.6719799041748,392.8961753845215,394.47784423828125,363.2938861846924,
402.12512016296387,373.82006645202637,411.68212890625,400.39801597595215,369.65203285217285,404.35290336608887,
391.32094383239746,368.26181411743164,375.09989738464355,367.7990436553955,368.1759834289551,389.02902603149414,
394.11115646362305,405.9109687805176,390.9778594970703,366.99604988098145,357.39684104919434,397.07112312316895,
396.50797843933105,379.8799514770508,374.80807304382324,392.54093170166016,379.86207008361816,404.8759937286377,
389.6820545196533,383.9399814605713,404.0331840515137,371.00791931152344,362.47897148132324,393.31603050231934,
401.31616592407227,380.0010681152344,374.5410442352295,414.9050712585449,366.7879104614258,386.0769271850586,
390.8219337463379,405.5361747741699,412.79006004333496,371.9439506530762,360.1810932159424,400.7070064544678,
395.01118659973145,402.41003036499023,384.68480110168457,388.9009952545166,358.7169647216797,382.60388374328613,
370.76282501220703,375.69689750671387,413.5909080505371,413.4180545806885,366.9929504394531,371.3371753692627,
394.1960334777832,404.5600891113281,400.70104598999023,390.2420997619629,365.3528690338135,395.68185806274414,
392.1499252319336,357.2499752044678,416.33105278015137,393.1901454925537,371.7780113220215,377.85887718200684,
381.8650245666504,403.8100242614746,370.11194229125977,370.81193923950195,360.46600341796875,395.34878730773926,
402.2951126098633,394.09399032592773,402.44388580322266,404.3309688568115,371.135950088501,376.4181137084961,
386.7678642272949,389.18280601501465,388.55791091918945,396.01588249206543,371.7918395996094,403.49388122558594,
393.9518928527832,385.1659297943115,401.1549949645996,392.55809783935547,379.43577766418457,389.0819549560547,
389.5721435546875,389.77503776550293,394.7429656982422,364.0720844268799,350.74806213378906,393.6958312988281,
397.71294593811035,374.70197677612305,378.9329528808594,372.47514724731445,379.23192977905273,392.6100730895996,
382.6758861541748,387.21489906311035,388.72694969177246,364.04991149902344,370.7900047302246,400.42591094970703,
402.0969867706299,400.6180763244629,401.0341167449951,390.40613174438477,393.2321071624756,391.91389083862305,
400.30503273010254,371.19412422180176,405.31301498413086,374.985933303833,364.95518684387207,391.51477813720703,
392.12799072265625,352.3709774017334,388.9660835266113,401.28207206726074,359.8029613494873,363.55090141296387,
369.77577209472656,386.1401081085205,388.19217681884766,396.5718746185303,383.56685638427734,375.06103515625,
396.90303802490234,368.12496185302734,405.23386001586914,399.88207817077637,392.0249938964844,392.9619789123535,
370.3939914703369,402.6050567626953,375.0650882720947,401.4580249786377,368.43299865722656,401.0457992553711,
389.2219066619873,381.02197647094727,375.7820129394531,398.18501472473145,368.8969612121582,370.466947555542,
378.57890129089355,366.70899391174316,412.36090660095215,411.2207889556885,389.83607292175293,374.77898597717285,
385.61415672302246,361.6480827331543,370.9530830383301,380.8901309967041,384.59300994873047,388.02385330200195,
395.72691917419434,357.30504989624023,372.75218963623047,395.57790756225586,367.44093894958496,373.9039897918701,
400.6161689758301,376.5699863433838,400.4518985748291,393.5050964355469,386.4569664001465,386.185884475708,
382.6639652252197,403.3970832824707,384.33098793029785,376.67107582092285,359.68804359436035,387.33816146850586,
396.04902267456055,368.7748908996582,391.02983474731445,370.2960014343262,359.7981929779053,398.298978805542,
388.5810375213623,371.7830181121826,421.08893394470215,416.83506965637207,368.0839538574219,383.8980197906494,
391.11995697021484,381.5498352050781,411.67187690734863,382.08699226379395,381.54006004333496,399.42193031311035,
395.23911476135254,376.0678768157959,400.27594566345215,382.5409412384033,382.4901580810547,393.9778804779053,
401.75414085388184,382.4141025543213,400.07710456848145,407.00697898864746,369.40503120422363,396.46220207214355,
388.4139060974121,359.7679138183594,377.6209354400635,382.0919990539551,389.1270160675049,398.3612060546875,
387.3171806335449,390.3059959411621,392.4229145050049,372.38192558288574,369.3368434906006,399.838924407959,
376.30701065063477,406.2988758087158,370.0559139251709,386.7321014404297,367.081880569458,396.0130214691162,
369.89808082580566,390.87414741516113,373.3410835266113,405.1971435546875,348.82092475891113,380.281925201416,
384.4590187072754,370.21803855895996,380.8460235595703,389.2059326171875,362.75410652160645,368.4561252593994,
391.8190002441406,380.6488513946533,414.9360656738281,375.0119209289551,349.66301918029785,397.3500728607178,
382.00998306274414,388.4267807006836,383.3448886871338,396.9290256500244,352.5810241699219,384.7079277038574,
381.91819190979004,357.15603828430176,390.6290531158447,380.48291206359863,380.7718753814697,380.12099266052246,
376.52087211608887,375.19288063049316,408.57911109924316,363.56401443481445,352.27203369140625,385.4520320892334,
384.8690986633301,367.4590587615967,406.02993965148926,411.3481044769287,389.301061630249,401.17812156677246,
382.5409412384033,378.615140914917,361.06395721435547,411.38195991516113,368.7930107116699,392.1208381652832,
392.1821117401123,393.50390434265137,407.37104415893555,400.50721168518066,363.4371757507324,386.07096672058105,
396.30699157714844,385.67495346069336,365.1468753814697,376.09100341796875,367.24090576171875,395.74480056762695,
378.31997871398926,367.50197410583496,361.88817024230957,393.4590816497803,385.5011463165283,398.3421325683594,
388.69404792785645,398.3571529388428,372.6768493652344,396.82602882385254,392.2131061553955,380.40995597839355,
394.9089050292969,385.21289825439453,414.9749279022217,406.75806999206543,363.9249801635742,387.9048824310303,
379.0910243988037,361.1788749694824,418.6279773712158,415.3759479522705,354.88295555114746,393.04184913635254,
397.77088165283203,374.58300590515137,413.01798820495605,380.75900077819824,365.9520149230957,362.8840446472168,
399.4441032409668,367.7349090576172,412.2579097747803,368.8089847564697,379.5289993286133,374.41301345825195,
375.66208839416504,395.89405059814453,362.6539707183838,375.2942085266113,381.2110424041748,392.4870491027832,
384.28783416748047,359.58290100097656,375.6420612335205,395.0679302215576,368.40295791625977,387.1021270751953,
389.76001739501953,378.41010093688965,401.8089771270752,395.51687240600586,363.9569282531738,394.62804794311523,
391.7851448059082,396.96216583251953,360.9490394592285,367.2969341278076,348.5400676727295,400.2869129180908,
386.4560127258301,366.43195152282715,389.7409439086914,365.95892906188965,372.27702140808105,377.5520324707031,
383.93688201904297,363.3430004119873,397.95684814453125,366.35303497314453,367.8610324859619,378.56006622314453,
400.40087699890137,371.74415588378906,371.8760013580322,406.8779945373535,380.39112091064453,384.1569423675537,
387.0818614959717,404.02889251708984,388.99993896484375,396.11291885375977,362.29586601257324,396.6031074523926,
388.6749744415283,401.73888206481934,395.5569267272949,414.931058883667,372.67208099365234,375.83184242248535,
387.1350288391113,394.9761390686035,391.2360668182373,386.7011070251465,358.59012603759766,371.7930316925049,
398.06199073791504,382.7331066131592,391.85595512390137,373.0800151824951,360.58807373046875,386.2500190734863,
393.8319683074951,364.3050193786621,365.1928901672363,415.1461124420166,368.52312088012695,404.56509590148926,
378.91507148742676,387.3000144958496,398.1649875640869,402.3709297180176,385.21695137023926,364.5660877227783,
395.80678939819336,380.0528049468994,380.25498390197754,408.32996368408203,387.93301582336426,400.02918243408203,
384.71198081970215,386.6009712219238,410.92991828918457,368.243932723999,364.83001708984375,390.2010917663574,
403.31506729125977,403.9618968963623,397.6621627807617,375.08392333984375,363.7659549713135,369.2610263824463,
399.7061252593994,381.2379837036133,406.58092498779297,411.5169048309326,355.6339740753174,387.7260684967041,
404.4458866119385,408.25510025024414,399.63793754577637,405.8060646057129,365.9980297088623,387.2079849243164,
386.52491569519043,375.15997886657715,376.939058303833,373.54207038879395,350.0509262084961,365.4179573059082,
384.25207138061523,399.22118186950684,388.0949020385742,365.58008193969727,366.95194244384766,394.70386505126953,
402.44007110595703,399.97291564941406,411.6330146789551,366.3830757141113,385.05005836486816,400.4559516906738,
393.40686798095703,401.1969566345215,403.5317897796631,394.8628902435303,350.8899211883545,384.8559856414795,
389.38307762145996,375.0879764556885,412.47105598449707,411.5450382232666,372.97701835632324,371.08588218688965,
401.6430377960205,356.6911220550537,366.9250011444092,374.2499351501465,378.5369396209717,385.404109954834,
385.82706451416016,396.8970775604248,371.94204330444336,412.8270149230957,365.54789543151855,402.1480083465576,
386.51204109191895,395.39289474487305,416.02277755737305,371.31500244140625,392.92001724243164,401.303768157959,
394.4659233093262,409.06405448913574,395.42198181152344,405.63511848449707,387.06398010253906,390.3040885925293,
393.74804496765137,405.8191776275635,375.98490715026855,395.0629234313965,381.97898864746094,395.79296112060547,
398.1812000274658,362.39099502563477,388.4778022766113,396.1629867553711,384.54413414001465,377.34293937683105,
399.0590572357178,384.10401344299316,366.6188716888428,411.76795959472656,357.50603675842285,364.3829822540283,
397.0801830291748,396.7709541320801,412.49990463256836,399.1389274597168,373.1799125671387,386.6310119628906,
388.82994651794434,377.1679401397705,380.34796714782715,418.49493980407715,373.6748695373535,394.2289352416992,
383.0409049987793,391.47090911865234,403.5990238189697,415.2789115905762,362.1251583099365,394.2248821258545,
387.5710964202881,403.3780097961426,404.2189121246338,402.2228717803955,364.5169734954834,374.47500228881836,
396.71802520751953,409.6078872680664,365.8010959625244,366.87302589416504,369.51208114624023,399.94192123413086,
385.6160640716553,396.31009101867676,383.96310806274414,400.44498443603516,376.0559558868408,398.6639976501465,
401.1349678039551,381.75010681152344,388.3399963378906,373.8679885864258,359.9700927734375,392.0168876647949,
397.34697341918945,385.00499725341797,381.5760612487793,374.43017959594727,365.3571605682373,389.711856842041,
397.9449272155762,399.3709087371826,386.55614852905273,367.8100109100342,380.7990550994873,398.4689712524414,
384.4878673553467,378.66711616516113,419.21210289001465,407.81188011169434,383.45909118652344,371.3390827178955,
382.75694847106934,376.3549327850342,408.174991607666,371.74010276794434,391.26086235046387,381.14404678344727,
382.4658393859863,406.29100799560547,377.579927444458,409.1310501098633,384.6931457519531,384.8731517791748,
397.23706245422363,386.2159252166748,398.00119400024414,375.81586837768555,358.7930202484131,390.1040554046631,
384.20987129211426,404.27494049072266,381.0567855834961,402.06289291381836,392.11297035217285,390.3369903564453,
374.96399879455566,355.7019233703613,384.1710090637207,386.7149353027344,374.147891998291,397.0959186553955,
379.2428970336914,389.70112800598145,369.04287338256836,391.4179801940918,348.6490249633789,392.8098678588867,
381.2549114227295,403.2402038574219,386.6710662841797,366.55497550964355,379.3048858642578,393.3382034301758,
384.83285903930664,408.203125,398.7431526184082,380.8598518371582,387.1889114379883,387.2051239013672,
390.0148868560791,397.7551460266113,414.10112380981445,394.4687843322754,375.6721019744873,370.82386016845703,
396.7311382293701,378.21197509765625,361.5379333496094,409.52587127685547,357.5470447540283,395.36499977111816,
403.8200378417969,373.16179275512695,396.3971138000488,408.10608863830566,381.519079208374,365.5087947845459,
399.5189666748047,382.3230266571045,417.56391525268555,369.03905868530273,385.8301639556885,386.7490291595459,
382.38000869750977,381.2081813812256,394.6831226348877,404.09111976623535,377.1209716796875,392.45080947875977,
372.00284004211426,403.3689498901367,413.3720397949219,408.5090160369873,358.8221073150635,386.95716857910156,
386.6860866546631,400.1438617706299,363.4450435638428,364.7189140319824,384.354829788208,389.9810314178467,
401.5181064605713,398.8628387451172,417.57798194885254,376.10888481140137,353.3148765563965,394.47999000549316,
401.9651412963867,394.35815811157227,386.4579200744629,371.196985244751,375.15902519226074,391.47400856018066,
387.1750831604004,400.3748893737793,364.89200592041016,409.696102142334,365.71407318115234,399.66297149658203,
402.1580219268799,403.1651020050049,378.4499168395996,401.02195739746094,393.54395866394043,401.72410011291504,
379.6861171722412,397.8760242462158,367.46788024902344,394.3018913269043,374.6299743652344,377.5959014892578,
376.74713134765625,391.3588523864746,392.23599433898926,398.24485778808594,387.85290718078613,393.218994140625,
378.65185737609863,368.5111999511719,378.0529499053955,378.2849311828613,361.66977882385254,385.0710391998291,
378.35693359375,358.9198589324951,422.1968650817871,397.5329399108887,371.36101722717285,400.7589817047119,
380.31506538391113,394.70386505126953,378.04484367370605,392.9469585418701,360.5790138244629,390.57302474975586,
398.482084274292,387.2570991516113,391.0789489746094,394.31285858154297,361.6070747375488,376.8939971923828,
377.2439956665039,391.0481929779053,415.2090549468994,414.20912742614746,364.8679256439209,371.7789649963379,
394.5729732513428,380.1138401031494,395.596981048584,391.8478488922119,369.7328567504883,366.03283882141113,
392.7469253540039,404.6590328216553,383.55112075805664,391.7231559753418,360.4168891906738,375.931978225708,
371.9930648803711,380.82313537597656,374.1741180419922,400.4390239715576,382.7378749847412,384.3190670013428,
395.0691223144531,371.5550899505615,365.5869960784912,396.97718620300293,366.70804023742676,382.6730251312256,
399.6288776397705,382.6138973236084,398.0419635772705,412.0831489562988,352.492094039917,394.9780464172363,
387.13908195495605,379.9118995666504,408.4210395812988,414.8828983306885,382.3421001434326,404.57892417907715,
391.18003845214844,408.9088439941406,387.4208927154541,415.70591926574707,354.57587242126465,373.729944229126,
391.063928604126,398.7569808959961,393.6910629272461,405.9600830078125,389.9412155151367,388.55695724487305,
393.79096031188965,370.65696716308594,395.6789970397949,409.02018547058105,372.1599578857422,364.6049499511719,
386.82007789611816,389.01495933532715,403.6128520965576,415.67301750183105,362.8721237182617,390.3200626373291,
403.0008316040039,381.56795501708984,389.18209075927734,363.5268211364746,370.52392959594727,387.1431350708008,
381.2119960784912,370.8670139312744,397.10187911987305,375.3690719604492,348.8659858703613,387.861967086792,
391.39604568481445,381.882905960083,392.87805557250977,396.70705795288086,376.021146774292,381.6099166870117,
399.9521732330322,404.7520160675049,358.88004302978516,371.0908889770508,385.2860927581787,391.79110527038574,
399.9950885772705,405.5190086364746,390.2890682220459,382.80200958251953,369.110107421875,394.2830562591553,
401.1359214782715,395.86400985717773,397.2470760345459,416.8829917907715,387.96210289001465,400.2411365509033,
388.34214210510254,381.9100856781006,399.75500106811523,369.830846786499,370.2080249786377,401.3409614562988,
398.9531993865967,392.4751281738281,378.0350685119629,367.02609062194824,375.2720355987549,382.9169273376465,
396.3949680328369,378.1909942626953,394.93513107299805,410.4888439178467,361.1640930175781,397.8610038757324,
400.69103240966797,397.1869945526123,367.30194091796875,395.88284492492676,363.41404914855957,378.1759738922119,
370.71704864501953,379.6710968017578,397.9511260986328,404.263973236084,363.9681339263916,394.3040370941162,
397.9048728942871,405.0729274749756,387.1340751647949,411.43321990966797,354.60400581359863,388.10205459594727,
398.1149196624756,393.6128616333008,421.25892639160156,417.6201820373535,364.2878532409668,375.9920597076416,
397.6411819458008,408.42390060424805,409.8360538482666,415.5118465423584,367.1529293060303,386.77191734313965,
388.3850574493408,383.3270072937012,389.33610916137695,393.82004737854004,365.05699157714844,378.2989978790283,
394.0749168395996,389.7430896759033,359.2419624328613,413.27404975891113,357.6982021331787,386.3680362701416,
394.01793479919434,403.41806411743164,418.2620048522949,386.77406311035156,382.25793838500977,370.90587615966797,
383.08095932006836,371.1860179901123,395.9639072418213,408.7798595428467,361.56320571899414,372.96295166015625,
387.79711723327637,401.4317989349365,365.8268451690674,370.3169822692871,384.8278522491455,394.21606063842773,
391.04390144348145,387.4659538269043,372.377872467041,399.4789123535156,379.0709972381592,392.6560878753662,
392.6401138305664,391.9501304626465,382.6909065246582,395.7388401031494,388.3960247039795,395.7240581512451,
389.2998695373535,362.06603050231934,363.0039691925049,405.87592124938965,369.1060543060303,388.3988857269287,
384.8099708557129,399.32703971862793,366.0590648651123,392.4429416656494,360.14413833618164,382.4739456176758,
395.2140808105469,378.3860206604004,404.5891761779785,384.45591926574707,367.4299716949463,374.636173248291,
393.4779167175293,410.3219509124756,395.31993865966797,397.3069190979004,364.5501136779785,383.2659721374512,
376.59287452697754,400.9411334991455,418.19310188293457,368.67594718933105,351.38392448425293,391.2191390991211,
378.2801628112793,359.3010902404785,358.7338924407959,413.14196586608887,364.5498752593994,397.76110649108887,
395.21121978759766,390.5789852142334,388.8990879058838,402.79507637023926,374.44281578063965,390.4390335083008,
372.6069927215576,397.9160785675049,379.38904762268066,410.8099937438965,379.75478172302246,394.01817321777344,
391.9680118560791,398.88882637023926,385.7090473175049,389.4381523132324,383.62908363342285,379.05097007751465,
381.2448978424072,395.30205726623535,358.8528633117676,386.246919631958,367.0799732208252,378.76200675964355,
399.9021053314209,359.2979907989502,404.2248725891113,414.75701332092285,374.5119571685791,389.0669345855713,
386.71398162841797,376.61099433898926,394.08183097839355,365.9379482269287,389.4999027252197,393.2180404663086,
393.77903938293457,384.2761516571045,408.53404998779297,413.1450653076172,381.30903244018555,375.9799003601074,
401.11804008483887,405.1229953765869,394.07896995544434,403.05495262145996,354.2449474334717,367.46692657470703,
371.8719482421875,389.4801139831543,413.2509231567383,372.7068901062012,367.9361343383789,372.8978633880615,
388.49496841430664,380.9211254119873,398.44512939453125,406.10694885253906,361.6049289703369,386.1830234527588,
390.78593254089355,363.9259338378906,416.8851375579834,406.97598457336426,372.6928234100342,390.6829357147217,
379.69207763671875,389.19782638549805,419.8031425476074,396.3000774383545,374.6302127838135,382.48491287231445,
380.7709217071533,384.7830295562744,420.8199977874756,388.38982582092285,368.15905570983887,399.32894706726074,
389.49108123779297,352.01501846313477,404.15096282958984,406.92806243896484,387.7699375152588,392.4691677093506,
402.1940231323242,371.05393409729004,383.8388919830322,376.1429786682129,378.83591651916504,399.02520179748535,
380.3520202636719,375.74005126953125,385.5130672454834,365.7240867614746,364.32600021362305,368.1669235229492,
371.28210067749023,404.47402000427246,412.9369258880615,411.0841751098633,369.0981864929199,370.8488941192627,
398.76389503479004,363.4529113769531,399.39308166503906,401.69405937194824,380.4340362548828,405.7459831237793,
388.29684257507324,373.0010986328125,422.38521575927734,384.4590187072754,385.64491271972656,389.2810344696045,
386.9638442993164,407.4840545654297,408.6940288543701,399.2159366607666,369.2448139190674,381.57105445861816,
404.6599864959717,385.93101501464844,408.4289073944092,416.7520999908447,370.24998664855957,388.5529041290283,
394.9100971221924,376.6520023345947,386.9290351867676,402.393102645874,373.9798069000244,399.7049331665039,
379.7039985656738,359.95006561279297,410.36105155944824,404.2668342590332,374.3140697479248,386.8441581726074,
389.70088958740234,390.80214500427246,373.16298484802246,410.58993339538574,362.5049591064453,390.3071880340576,
396.51012420654297,397.57609367370605,355.5271625518799,402.0559787750244,349.43103790283203,390.9780979156494,
390.5320167541504,367.933988571167,407.27996826171875,402.4519920349121,376.94501876831055,369.62294578552246,
391.83902740478516,357.8970432281494,360.6228828430176,363.86704444885254,375.154972076416,374.47595596313477,
388.6291980743408,399.80292320251465,376.5690326690674,404.7129154205322,359.9410057067871,377.78401374816895,
388.22412490844727,384.47093963623047,367.0361042022705,389.2829418182373,391.4499282836914,405.9422016143799,
399.1239070892334,380.53107261657715,394.60206031799316,371.93799018859863,348.2961654663086,375.0910758972168,
379.93597984313965,396.759033203125,396.1460590362549,364.0120029449463,394.6359157562256,388.23699951171875,
397.8610038757324,382.1539878845215,378.10301780700684,397.3379135131836,355.38792610168457,391.3722038269043,
378.2048225402832,402.61101722717285,412.6729965209961,392.86208152770996,371.55604362487793,370.8791732788086,
392.1849727630615,376.71399116516113,401.5469551086426,368.1960105895996,391.04485511779785,375.2632141113281,
403.6719799041748,386.80386543273926,360.461950302124,392.0159339904785,358.77084732055664,396.5167999267578,
375.4711151123047,382.79104232788086,416.52417182922363,408.06102752685547,389.65892791748047,372.9538917541504,
382.9989433288574,400.68793296813965,394.6850299835205,395.7860469818115,389.8191452026367,386.9290351867676,
372.00403213500977,369.081974029541,353.01804542541504,407.6399803161621,388.17405700683594,399.67918395996094,
381.335973739624,376.3852119445801,412.0779037475586,369.9028491973877,382.2498321533203,401.8731117248535,
402.91309356689453,387.93301582336426,361.9868755340576,391.355037689209,364.07995223999023,371.37699127197266,
390.88988304138184,376.61099433898926,421.983003616333,401.53002738952637,385.5588436126709,384.53102111816406,
372.7850914001465,375.95295906066895,394.03486251831055,370.851993560791,387.4049186706543,395.04003524780273,
393.632173538208,393.7680721282959,377.63285636901855,377.90393829345703,363.84010314941406,371.8280792236328,
370.99385261535645,396.32201194763184,399.183988571167,403.8970470428467,388.64898681640625,391.70002937316895,
372.326135635376,388.17501068115234,383.4950923919678,392.3301696777344,384.30309295654297,405.8389663696289,
395.7700729370117,401.87811851501465,363.04306983947754,402.65488624572754,362.4849319458008,363.5549545288086,
389.4381523132324,384.3860626220703,384.37485694885254,411.36789321899414,367.7101135253906,369.4491386413574,
391.40796661376953,397.9830741882324,423.6869812011719,386.16394996643066,372.77698516845703,387.12096214294434,
385.8530521392822,407.99689292907715,411.0980033874512,380.5978298187256,352.99205780029297,362.89095878601074,
377.80189514160156,376.45602226257324,399.28507804870605,402.45795249938965,366.1799430847168,379.32705879211426,
402.97508239746094,381.3779354095459,379.1360855102539,386.05499267578125,373.23904037475586,405.37118911743164,
402.47607231140137,367.82383918762207,395.45416831970215,400.7141590118408,377.9001235961914,392.5948143005371,
397.05801010131836,394.91891860961914,394.65999603271484,407.9251289367676,370.4509735107422,381.6390037536621,
399.66702461242676,391.65592193603516,406.2478542327881,417.8600311279297,375.0879764556885,382.28702545166016,
392.38500595092773,380.08785247802734,376.3411045074463,412.56117820739746,393.4650421142578,364.7770881652832,
370.3620433807373,393.5070037841797,401.839017868042,397.6099491119385,355.4201126098633,374.3329048156738,
389.77599143981934,407.0239067077637,413.6531352996826,384.5257759094238,363.7409210205078,375.7169246673584,
390.05017280578613,388.5328769683838,365.91410636901855,409.72304344177246,372.5111484527588,404.9251079559326,
387.96496391296387,370.1798915863037,396.3358402252197,392.1680450439453,371.84906005859375,396.759033203125,
385.9260082244873,393.9931392669678,419.5411205291748,413.8519763946533,372.73597717285156,381.4668655395508,
383.7759494781494,369.10486221313477,372.18308448791504,389.2500400543213,382.65204429626465,369.3418502807617,
399.39308166503906,377.5038719177246,396.94905281066895,411.2110137939453,348.6969470977783,382.8580379486084,
375.291109085083,396.55399322509766,412.1689796447754,403.22208404541016,387.89892196655273,387.6628875732422,
376.295804977417,402.59480476379395,400.4549980163574,377.1200180053711,369.8749542236328,374.3460178375244,
403.66601943969727,383.7890625,393.186092376709,370.18895149230957,363.49010467529297,384.350061416626,
401.0188579559326,385.4100704193115,394.5159912109375,401.45206451416016,393.26000213623047,394.787073135376,
371.74391746520996,382.047176361084,391.42799377441406,396.435022354126,380.80596923828125,368.92008781433105,
400.9990692138672,389.2948627471924,418.6398983001709,396.4099884033203,385.998010635376,393.01300048828125,
400.432825088501,394.4730758666992,367.1689033508301,365.1440143585205,377.3999214172363,394.3758010864258,
397.72891998291016,372.9541301727295,391.65592193603516,400.91705322265625,354.9380302429199,400.65813064575195,
385.8468532562256,368.0570125579834,417.3851013183594,389.21499252319336,374.93109703063965,366.61386489868164,
394.67620849609375,392.7569389343262,408.83421897888184,412.11891174316406,367.0198917388916,387.97497749328613,
402.4159908294678,397.2289562225342,395.97296714782715,400.9699821472168,355.2238941192627,378.5130977630615,
378.1599998474121,377.43401527404785,416.67795181274414,396.03400230407715,372.0550537109375,377.96783447265625,
394.24896240234375,394.17195320129395,389.5449638366699,414.10112380981445,360.94212532043457,375.98609924316406,
375.46706199645996,383.6560249328613,384.688138961792,395.7188129425049,369.6010112762451,398.55003356933594,
390.14387130737305,382.5230598449707,410.646915435791,371.9611167907715,362.14494705200195,401.2620449066162,
393.6910629272461,379.34279441833496,411.38696670532227,408.6909294128418,384.4602108001709,387.97712326049805,
385.24699211120605,373.2731342315674,379.8189163208008,400.2490043640137,394.04797554016113,392.7569389343262,
388.25201988220215,383.24689865112305,389.3001079559326,380.126953125,373.5768795013428,367.9649829864502,
396.80004119873047,371.80280685424805,397.83287048339844,395.0040340423584,371.7179298400879,386.68298721313477,
399.3830680847168,384.7160339355469,415.7540798187256,401.2601375579834,389.89901542663574,362.8690242767334,
402.0109176635742,397.2301483154297,390.8858299255371,377.0620822906494,389.1630172729492,393.2321071624756,
378.3581256866455,356.95791244506836,383.47697257995605,403.1209945678711,381.1929225921631,388.97204399108887,
382.8601837158203,375.6880760192871,390.23804664611816,393.60904693603516,377.59995460510254,396.69203758239746,
390.4380798339844,380.5389404296875,400.4940986633301,408.16497802734375,386.0900402069092,392.2700881958008,
383.5480213165283,381.35385513305664,360.92686653137207,408.4031581878662,362.962007522583,390.2099132537842,
381.6509246826172,372.6630210876465,392.95291900634766,406.8140983581543,365.9641742706299,385.1919174194336,
396.467924118042,397.05920219421387,379.0149688720703,399.02591705322266,375.9169578552246,387.7999782562256,
378.25703620910645,399.35994148254395,393.4760093688965,367.811918258667,371.8531131744385,392.38595962524414,
401.06701850891113,380.5248737335205,386.55996322631836,398.5280990600586,391.6008472442627,400.36702156066895,
396.64292335510254,365.3531074523926,384.8080635070801,411.00311279296875,357.4860095977783,397.98688888549805,
399.57284927368164,362.3950481414795,405.0149917602539,400.17104148864746,383.3150863647461,375.1091957092285,
385.80894470214844,356.7228317260742,397.52697944641113,377.78401374816895,391.815185546875,371.11902236938477,
383.41522216796875,373.40307235717773,385.739803314209,396.3580131530762,367.51699447631836,387.83788681030273,
398.25987815856934,375.6098747253418,392.031192779541,399.8730182647705,370.9430694580078,369.2300319671631,
376.65820121765137,377.29907035827637,387.300968170166,403.2409191131592,364.9599552154541,403.52821350097656,
390.4290199279785,384.04202461242676,378.371000289917,393.86701583862305,393.5549259185791,384.8259449005127,
385.714054107666,398.9109992980957,399.6541500091553,363.9538288116455,392.4670219421387,386.61789894104004,
390.72585105895996,400.1281261444092,394.06418800354004,413.6381149291992,389.99295234680176,405.9021472930908,
379.270076751709,354.672908782959,388.1869316101074,410.36415100097656,387.7439498901367,370.9878921508789,
378.7529468536377,388.3669376373291,391.4351463317871,379.72497940063477,362.79892921447754,390.17701148986816,
385.61201095581055,363.9810085296631,399.2290496826172,407.0429801940918,369.36020851135254,388.00787925720215,
376.5690326690674,374.07898902893066,398.4830379486084,411.84496879577637,375.1959800720215,382.9030990600586,
391.2379741668701,360.71014404296875,411.73601150512695,374.54700469970703,363.3742332458496,397.33219146728516,
384.98401641845703,394.0539360046387,382.88307189941406,381.70695304870605,373.6310005187988,367.9931163787842,
401.34310722351074,370.1589107513428,380.5980682373047,404.2370319366455,384.9959373474121,381.08301162719727,
396.59595489501953,372.844934463501,397.3710536956787,403.87415885925293,377.0749568939209,388.71097564697266,
393.9781188964844,386.1420154571533,410.3419780731201,414.384126663208,349.567174911499,395.7529067993164,
382.6160430908203,396.06785774230957,405.1668643951416,382.7700614929199,371.2899684906006,371.3421821594238,
376.8601417541504,379.50611114501953,367.8309917449951,402.80985832214355,393.36490631103516,390.3830051422119,
371.79112434387207,375.63109397888184,396.7318534851074,373.9478588104248,349.83015060424805,392.8718566894531,
381.24990463256836,351.6659736633301,386.89684867858887,408.1730842590332,351.1331081390381,399.32990074157715,
371.0160255432129,388.153076171875,400.8510112762451,408.22696685791016,375.9880065917969,388.46278190612793,
380.88083267211914,360.57019233703613,387.1119022369385,399.86300468444824,363.53087425231934,396.84200286865234,
391.85500144958496,375.68092346191406,371.0501194000244,398.35405349731445,372.65610694885254,390.81382751464844,
394.5608139038086,398.37002754211426,384.1979503631592,398.2231616973877,370.72086334228516,402.1039009094238,
382.3709487915039,357.2378158569336,410.7780456542969,401.9458293914795,378.9339065551758,372.0088005065918,
403.0640125274658,373.8231658935547,392.93813705444336,407.8669548034668,372.6329803466797,392.15707778930664,
379.8260688781738,378.94606590270996,414.22414779663086,398.07605743408203,366.78218841552734,386.6441249847412,
378.9989948272705,376.13797187805176,377.98213958740234,405.1220417022705,357.0079803466797,371.54293060302734,
381.9620609283447,379.95004653930664,378.28898429870605,415.0362014770508,366.78409576416016,381.77490234375,
383.4190368652344,371.1059093475342,417.0491695404053,371.4721202850342,384.4420909881592,369.8689937591553,
399.93977546691895,391.1559581756592,384.7169876098633,408.6599349975586,364.609956741333,380.0468444824219,
375.87594985961914,367.54488945007324,376.0721683502197,415.71903228759766,371.5329170227051,373.823881149292,
379.5890808105469,391.1631107330322,389.4381523132324,378.2620429992676,368.5169219970703,387.531042098999,
379.0609836578369,386.0781192779541,393.4638500213623,370.7849979400635,387.8300189971924,375.90503692626953,
379.79793548583984,397.50194549560547,405.72094917297363,399.0039825439453,382.78985023498535,389.5251750946045,
401.37720108032227,382.81917572021484,384.26709175109863,400.46000480651855,368.62707138061523,401.37791633605957,
400.1309871673584,368.06488037109375,392.38905906677246,385.50496101379395,353.4109592437744,384.4008445739746,
383.4559917449951,378.5519599914551,405.5311679840088,408.69903564453125,353.95002365112305,405.32898902893066,
370.5761432647705,374.2198944091797,360.6879711151123,399.70898628234863,383.3458423614502,402.9579162597656,
373.72803688049316,380.2981376647949,391.01290702819824,406.47292137145996,374.0079402923584,372.85614013671875,
391.4299011230469,408.7560176849365,361.9570732116699,412.49799728393555,379.75311279296875,386.9020938873291,
395.4660892486572,354.69889640808105,411.83996200561523,403.0909538269043,367.0849800109863,390.7589912414551,
398.52404594421387,377.6359558105469,418.84899139404297,381.8960189819336,350.82221031188965,390.61999320983887,
393.9709663391113,380.97095489501953,373.95596504211426,414.5989418029785,393.1119441986084,386.97004318237305,
387.82501220703125,374.3021488189697,401.9801616668701,402.9200077056885,371.0188865661621,387.44091987609863,
396.0390090942383,384.58800315856934,390.7818794250488,378.38101387023926,358.842134475708,395.07484436035156,
391.1559581756592,398.5440731048584,389.47415351867676,389.5561695098877,375.2570152282715,395.54500579833984,
390.23804664611816,404.50191497802734,396.9249725341797,364.14098739624023,349.38597679138184,381.4699649810791,
391.9670581817627,384.02509689331055,398.35095405578613,383.2108974456787,379.16088104248047,383.93712043762207,
399.49822425842285,370.50509452819824,387.4480724334717,378.0200481414795,377.2139549255371,388.2300853729248,
379.70614433288574,373.17800521850586,402.3740291595459,411.376953125,372.1919059753418,398.94890785217285,
393.7230110168457,402.5249481201172,386.28602027893066,385.1499557495117,359.6608638763428,382.6789855957031,
393.2158946990967,386.1079216003418,421.0658073425293,415.6649112701416,365.10610580444336,384.5810890197754,
386.8100643157959,370.18704414367676,418.3008670806885,381.1519145965576,371.6540336608887,396.82698249816895,
380.95617294311523,399.1830348968506,405.4291248321533,407.9699516296387,377.44903564453125,395.76005935668945,
384.5698833465576,350.71802139282227,386.2299919128418,409.06620025634766,350.538969039917,368.4670925140381,
394.0389156341553,382.91215896606445,421.27108573913574,364.6280765533447,360.9890937805176,374.7429847717285,
403.4738540649414,356.86397552490234,382.2000026702881,395.2329158782959,373.7480640411377,381.14213943481445,
372.64108657836914,384.2771053314209,374.62377548217773,416.3470268249512,390.92183113098145,363.36302757263184,
371.42300605773926,394.03700828552246,397.02296257019043,406.40711784362793,377.2470951080322,392.6999568939209,
377.08592414855957,369.0228462219238,386.0640525817871,411.73601150512695,394.5198059082031,372.81298637390137,
384.48119163513184,388.00811767578125,380.8419704437256,412.65082359313965,365.9961223602295,372.7860450744629,
395.55883407592773,396.73614501953125,409.30986404418945,410.83216667175293,377.1829605102539,392.3468589782715,
388.2739543914795,362.9930019378662,355.47900199890137,366.379976272583,384.8388195037842,390.39015769958496,
375.4141330718994,356.0659885406494,400.44403076171875,379.4548511505127,378.92794609069824,388.95416259765625,
386.3239288330078,380.6159496307373,407.51004219055176,364.3460273742676,372.24411964416504,384.0060234069824,
389.06097412109375,390.22088050842285,362.2879981994629,377.6969909667969,364.0778064727783,387.9249095916748,
395.66707611083984,385.20193099975586,406.7080020904541,404.02913093566895,351.1030673980713,371.3240623474121,
374.0429878234863,392.3840522766113,395.69902420043945,382.6320171356201,372.55001068115234,403.9750099182129,
380.70106506347656,385.0440979003906,409.3961715698242,380.3601264953613,392.564058303833,373.46887588500977,
395.6611156463623,387.052059173584,362.9319667816162,388.47994804382324,382.75909423828125,375.6680488586426,
389.62793350219727,366.06502532958984,384.3679428100586,404.8178195953369,382.0149898529053,371.36220932006836,
388.6289596557617,397.9930877685547,392.74001121520996,413.1510257720947,356.98485374450684,396.1310386657715,
404.1769504547119,377.08497047424316,402.5530815124512,379.1389465332031,376.5268325805664,373.2640743255615,
374.9508857727051,378.6759376525879,379.44602966308594,386.28697395324707,360.2728843688965,388.2279396057129,
382.0769786834717,360.2030277252197,412.12010383605957,375.22292137145996,393.4669494628906,389.40906524658203,
390.63191413879395,368.53885650634766,371.8290328979492,408.8430404663086,349.0121364593506,389.3728256225586,
391.265869140625,396.8920707702637,388.2031440734863,387.8300189971924,384.26995277404785,397.2511291503906,
381.3920021057129,366.95218086242676,418.3671474456787,399.9919891357422,367.43998527526855,388.4711265563965,
389.42599296569824,371.85001373291016,371.2589740753174,392.96889305114746,392.6849365234375,395.52998542785645,
391.56103134155273,404.9220085144043,412.57190704345703,418.50805282592773,393.3730125427246,394.3459987640381,
377.55608558654785,401.25107765197754,403.5470485687256,408.39290618896484,379.61602210998535,403.3679962158203,
382.53116607666016,362.6570701599121,356.050968170166,408.8330268859863,382.24291801452637,401.9150733947754,
380.31005859375,378.770112991333,374.2799758911133,396.6519832611084,383.8021755218506,390.1998996734619,
384.5031261444092,396.24500274658203,366.30702018737793,367.4139976501465,371.8688488006592,384.80281829833984,
399.1570472717285,383.00299644470215,373.86512756347656,381.84595108032227,387.84098625183105,387.0999813079834,
371.5331554412842,394.66214179992676,400.27618408203125,389.8909091949463,365.76199531555176,392.6959037780762,
393.25618743896484,397.11809158325195,411.0450744628906,396.01898193359375,359.77888107299805,395.57886123657227,
382.11917877197266,367.2928810119629,387.7558708190918,377.99882888793945,369.5859909057617,366.15800857543945,
377.3210048675537,391.2060260772705,409.1031551361084,405.1098823547363,390.272855758667,393.7811851501465,
400.1269340515137,365.34810066223145,398.6949920654297,378.3559799194336,365.08893966674805,395.50304412841797,
379.25004959106445,401.3500213623047,407.26399421691895,401.076078414917,389.3129825592041,403.67794036865234,
381.78300857543945,403.1178951263428,357.24902153015137,406.4788818359375,378.1239986419678,384.9349021911621,
394.8779106140137,408.46705436706543,383.9459419250488,372.5399971008301,370.87488174438477,400.38204193115234,
393.4979438781738,403.62000465393066,392.1511173248291,400.7728099822998,367.1131134033203,381.06298446655273,
386.4879608154297,384.3991756439209,386.4719867706299,412.65106201171875,378.6120414733887,404.04701232910156,
381.5150260925293,396.8198299407959,400.88891983032227,373.6460208892822,364.3488883972168,402.34899520874023,
388.15999031066895,379.87685203552246,418.9178943634033,416.44906997680664,352.7989387512207,374.0079402923584,
387.9671096801758,380.465030670166,392.17400550842285,395.66588401794434,369.8420524597168,393.4369087219238,
384.7038745880127,396.98004722595215,419.8760986328125,398.20408821105957,364.7899627685547,390.3079032897949,
383.9731216430664,378.91697883605957,413.6340618133545,385.0259780883789,394.5941925048828,399.7368812561035,
382.7829360961914,376.42717361450195,418.7591075897217,410.35985946655273,365.22507667541504,398.26393127441406,
379.90808486938477,378.22890281677246,366.6059970855713,388.13281059265137,366.35684967041016,397.65000343322754,
371.32811546325684,366.3308620452881,393.4969902038574,401.19314193725586,391.6640281677246,403.80001068115234,
373.48103523254395,394.11401748657227,392.68994331359863,370.1128959655762,372.9870319366455,384.7839832305908,
392.15087890625,392.50898361206055,402.324914932251,379.425048828125,359.1189384460449,386.3341808319092,
404.09183502197266,402.97508239746094,419.4929599761963,411.9720458984375,367.86913871765137,404.0179252624512,
391.48807525634766,379.50801849365234,378.5440921783447,406.76116943359375,382.5249671936035,401.9429683685303,
389.1561031341553,383.10790061950684,363.54589462280273,401.9818305969238,377.4139881134033,399.28388595581055,
375.4401206970215,367.7818775177002,417.0420169830322,374.7408390045166,362.22219467163086,371.16003036499023,
392.1060562133789,384.25207138061523,397.6109027862549,408.27202796936035,381.0439109802246,390.86294174194336,
383.61215591430664,372.5290298461914,409.1620445251465,397.4609375,371.67811393737793,394.2389488220215,
384.72890853881836,364.6430969238281,415.70210456848145,409.0101718902588,370.59497833251953,385.41698455810547,
390.9738063812256,367.01011657714844,404.4678211212158,416.76902770996094,366.02783203125,389.11914825439453,
388.9660835266113,357.46002197265625,372.8311061859131,395.7991600036621,377.03800201416016,364.4289970397949,
383.44883918762207,376.01494789123535,411.7910861968994,402.68921852111816,365.37885665893555,399.53112602233887,
376.85084342956543,384.7191333770752,369.549036026001,405.9140682220459,365.7879829406738,370.1751232147217,
400.6330966949463,365.4458522796631,382.17711448669434,406.9969654083252,389.94288444519043,387.3319625854492,
383.5639953613281,409.64508056640625,392.0331001281738,396.8238830566406,377.91991233825684,369.0760135650635,
389.98889923095703,366.40119552612305,376.4011859893799,402.4028778076172,394.00696754455566,388.2172107696533,
370.9759712219238,372.4191188812256,419.583797454834,375.4758834838867,367.28692054748535,399.13296699523926,
389.5678520202637,406.7509174346924,411.38386726379395,392.0860290527344,370.96595764160156,381.74986839294434,
386.0158920288086,358.8409423828125,414.60585594177246,373.71301651000977,360.152006149292,395.9469795227051,
376.1110305786133,376.10411643981934,398.03600311279297,404.2489528656006,363.5900020599365,397.1869945526123,
396.87299728393555,383.24999809265137,408.1289768218994,416.40210151672363,385.0870132446289,400.4061222076416,
400.5398750305176,363.05999755859375,376.16705894470215,396.31199836730957,362.99991607666016,398.2739448547363,
404.01697158813477,391.7050361633301,388.6430263519287,415.9970283508301,383.03589820861816,396.44598960876465,
383.29315185546875,372.0071315765381,384.0761184692383,382.9529285430908,351.4220714569092,398.0839252471924,
372.6480007171631,406.56590461730957,370.44215202331543,410.22396087646484,365.2980327606201,395.42198181152344,
388.90910148620605,359.4329357147217,405.14183044433594,391.74699783325195,384.4728469848633,388.80109786987305,
380.07497787475586,397.36199378967285,381.5290927886963,412.66703605651855,371.2780475616455,376.67298316955566,
404.7839641571045,371.40583992004395,362.5178337097168,371.55604362487793,366.32490158081055,371.9830513000488,
403.6130905151367,387.174129486084,413.4809970855713,397.2029685974121,371.5169429779053,395.3878879547119,
380.8770179748535,397.10187911987305,403.7151336669922,370.0850009918213,385.7581615447998,398.7460136413574,
391.5119171142578,382.2939395904541,362.6070022583008,402.42719650268555,376.4688968658447,367.5720691680908,
395.1098918914795,378.3431053161621,378.8299560546875,404.79588508605957,379.18996810913086,386.45100593566895,
375.8080005645752,385.1327896118164,379.0621757507324,378.59606742858887,381.5019130706787,396.70300483703613,
385.41603088378906,368.2830333709717,370.258092880249,417.0241355895996,368.5450553894043,371.6928958892822,
400.79593658447266,383.63194465637207,384.9480152130127,405.8868885040283,353.6069393157959,403.73802185058594,
378.19480895996094,363.8479709625244,395.7810401916504,410.3269577026367,350.4509925842285,383.5461139678955,
396.726131439209,374.03297424316406,399.7199535369873,408.066987991333,365.2231693267822,378.03196907043457,
388.6549472808838,395.78700065612793,363.10696601867676,374.2799758911133,377.3539066314697,394.9708938598633,
382.28797912597656,352.24413871765137,386.5082263946533,406.04090690612793,354.7370433807373,402.19902992248535,
397.49693870544434,385.361909866333,368.7288761138916,391.85094833374023,360.2919578552246,367.65313148498535,
389.9250030517578,380.1839351654053,390.6829357147217,398.1761932373047,354.8719882965088,369.31800842285156,
391.66712760925293,378.53002548217773,360.9189987182617,363.56091499328613,351.0160446166992,371.05798721313477,
380.7408809661865,381.81209564208984,404.5710563659668,374.553918838501,369.16613578796387,398.3578681945801,
396.47984504699707,375.1828670501709,411.49401664733887,394.7329521179199,383.6369514465332,389.1639709472656,
382.0629119873047,377.9141902923584,410.22300720214844,404.92796897888184,373.4900951385498,364.54105377197266,
376.50203704833984,378.9489269256592,423.0461120605469,388.44895362854004,356.2140464782715,374.1018772125244,
381.9417953491211,389.5869255065918,369.9760437011719,413.1340980529785,365.7798767089844,377.89011001586914,
370.04685401916504,392.0788764953613,418.2770252227783,372.18499183654785,375.8671283721924,400.2408981323242,
374.94587898254395,406.9979190826416,391.3240432739258,416.6440963745117,372.86901473999023,385.33687591552734,
399.38807487487793,364.6700382232666,365.3709888458252,397.0978260040283,375.22196769714355,370.6941604614258,
383.9700222015381,410.1409912109375,387.68601417541504,381.4208507537842,364.3531799316406,394.49405670166016,
400.55179595947266,354.60591316223145,370.22995948791504,408.6911678314209,391.6909694671631,387.509822845459,
382.5099468231201,388.61799240112305,383.4068775177002,365.24486541748047,363.6059761047363,389.8651599884033,
371.40393257141113,364.2311096191406,405.9469699859619,412.72687911987305,364.05396461486816,391.4601802825928,
379.364013671875,408.34999084472656,376.92904472351074,364.3040657043457,389.59693908691406,385.67209243774414,
380.63883781433105,373.52800369262695,357.1789264678955,391.28684997558594,370.32294273376465,392.5490379333496,
395.52903175354004,403.3660888671875,385.65516471862793,381.0620307922363,367.7048683166504,391.65496826171875,
378.81994247436523,361.9968891143799,371.0811138153076,390.28310775756836,375.9729862213135,404.21414375305176,
394.2580223083496,368.72100830078125,415.83800315856934,413.5169982910156,368.27707290649414,398.6499309539795,
389.21117782592773,405.6389331817627,361.10806465148926,387.955904006958,394.2759037017822,398.2980251312256,
374.924898147583,370.23305892944336,366.6529655456543,403.53989601135254,387.10594177246094,364.6240234375,
381.8371295928955,395.7700729370117,369.9181079864502,409.29508209228516,365.51904678344727,386.6860866546631,
397.4440097808838,376.7871856689453,383.73303413391113,405.0641059875488,366.90688133239746,398.85902404785156,
385.65802574157715,364.2098903656006,370.93305587768555,412.66608238220215,361.07397079467773,395.7219123840332,
395.61915397644043,388.06796073913574,400.5758762359619,376.5277862548828,377.2099018096924,400.21610260009766,
395.68400382995605,405.72595596313477,388.9188766479492,373.61693382263184,349.4148254394531,366.87207221984863,
378.6590099334717,400.2859592437744,403.27000617980957,408.1151485443115,372.78103828430176,398.8008499145508,
382.7950954437256,398.84400367736816,366.3790225982666,365.9980297088623,361.5279197692871,399.92403984069824,
384.82093811035156,388.2889747619629,400.89893341064453,376.8460750579834,388.8201713562012,366.3830757141113,
382.3370933532715,380.51486015319824,396.5940475463867,392.1999931335449,357.79404640197754,399.64795112609863,
399.4431495666504,388.9930248260498,419.8460578918457,404.1140079498291,359.2960834503174,401.9649028778076,
372.3340034484863,369.06909942626953,412.4889373779297,383.7440013885498,383.2859992980957,397.784948348999,
384.9308490753174,380.0489902496338,362.74003982543945,394.8631286621094,368.92008781433105,388.99898529052734,
385.78295707702637,355.0381660461426,411.81421279907227,385.6959342956543,380.6760311126709,366.8210506439209,
379.64606285095215,367.01297760009766,411.7739200592041,397.7499008178711,362.5359535217285,394.2418098449707,
397.13406562805176,363.3232116699219,401.16310119628906,402.15182304382324,382.74097442626953,390.46597480773926,
401.8990993499756,368.37005615234375,401.2730121612549,418.29895973205566,368.5011863708496,398.2410430908203,
377.3617744445801,397.00984954833984,414.1249656677246,395.1129913330078,352.1151542663574,384.6621513366699,
375.6909370422363,366.3899898529053,403.89013290405273,374.28903579711914,352.34594345092773,376.9361972808838,
384.3059539794922,396.7900276184082,379.20403480529785,402.96387672424316,377.15816497802734,390.0878429412842,
401.6251564025879,400.1948833465576,423.83885383605957,390.988826751709,371.52099609375,365.1149272918701,
401.1189937591553,387.5761032104492,414.7369861602783,390.2409076690674,370.4521656036377,382.9472064971924,
382.98988342285156,382.220983505249,421.46897315979004,368.9730167388916,379.565954208374,369.6880340576172,
375.84686279296875,376.5089511871338,418.90883445739746,364.50910568237305,387.4170780181885,404.89912033081055,
376.09386444091797,378.7071704864502,402.77695655822754,365.1089668273926,368.8638210296631,396.7161178588867,
378.5421848297119,378.39794158935547,374.93109703063965,375.6859302520752,374.0050792694092,382.8909397125244,
384.69696044921875,392.22192764282227,393.23902130126953,412.9350185394287,387.2039318084717,395.13397216796875,
387.1150016784668,395.40886878967285,385.6480121612549,375.9331703186035,358.4778308868408,392.1511173248291,
385.9889507293701,384.7360610961914,419.3258285522461,370.23091316223145,362.76698112487793,395.5690860748291,
387.7129554748535,358.5371971130371,391.63994789123535,374.09400939941406,360.83507537841797,371.8419075012207,
378.2238960266113,378.2999515533447,390.5518054962158,368.16978454589844,394.77992057800293,370.33796310424805,
372.1301555633545,365.584135055542,417.42491722106934,363.98983001708984,385.33782958984375,403.19108963012695,
370.2080249786377,399.8539447784424,410.7680320739746,393.42284202575684,360.2149486541748,377.80213356018066,
383.66198539733887,389.82105255126953,370.94807624816895,375.39005279541016,380.8310031890869,372.6029396057129,
396.98290824890137,373.7659454345703,399.4860649108887,377.41899490356445,378.79300117492676,406.0080051422119,
387.6500129699707,405.8258533477783,391.3559913635254,368.973970413208,372.6329803466797,380.99193572998047,
398.76389503479004,358.40606689453125,412.1079444885254,402.15206146240234,359.9858283996582,397.4189758300781,
370.99599838256836,373.90685081481934,392.88783073425293,398.0109691619873,375.38790702819824,398.0271816253662,
374.7589588165283,370.59497833251953,389.11890983581543,407.90319442749023,383.4090232849121,371.7191219329834,
383.9390277862549,407.7470302581787,404.3409824371338,410.31503677368164,379.46295738220215,373.48198890686035,
390.8970355987549,371.16217613220215,386.4610195159912,393.2311534881592,378.803014755249,399.74188804626465,
401.1709690093994,361.7749214172363,411.13901138305664,368.19911003112793,364.28308486938477,405.6999683380127,
372.03192710876465,375.9009838104248,405.1179885864258,409.73401069641113,367.95997619628906,401.20601654052734,
377.81500816345215,361.54890060424805,388.308048248291,390.95211029052734,385.9560489654541,371.4170455932617,
389.53495025634766,391.48807525634766,412.08386421203613,393.3680057525635,375.12993812561035,404.82592582702637,
388.66305351257324,375.6699562072754,416.5201187133789,401.60298347473145,362.64491081237793,382.5259208679199,
394.7169780731201,403.55801582336426,389.33801651000977,379.0459632873535,378.8928985595703,404.80685234069824,
397.7780342102051,372.5728988647461,413.12718391418457,377.15792655944824,374.3300437927246,389.88614082336426,
388.77391815185547,393.218994140625,377.4881362915039,406.3870906829834,355.91602325439453,379.849910736084,
384.19508934020996,404.5751094818115,366.5509223937988,388.1528377532959,365.0379180908203,378.8750171661377,
387.0527744293213,388.92388343811035,392.4129009246826,367.1529293060303,382.8120231628418,394.53601837158203,
390.4991149902344,389.69898223876953,356.4908504486084,409.03306007385254,369.8310852050781,387.37010955810547,
393.50295066833496,357.5470447540283,423.2211112976074,400.14195442199707,371.16193771362305,398.85401725769043,
385.24317741394043,380.77592849731445,395.16401290893555,414.81709480285645,381.9890022277832,403.44810485839844,
374.4161128997803,371.3362216949463,418.140172958374,388.2439136505127,360.1529598236084,369.905948638916,
400.6640911102295,376.58214569091797,394.118070602417,401.0939598083496,379.75502014160156,401.2308120727539,
372.5929260253906,401.34286880493164,397.3250389099121,400.2339839935303,368.149995803833,370.4040050506592,
402.7590751647949,368.83091926574707,368.710994720459,393.4509754180908,378.8900375366211,368.6211109161377,
375.9148120880127,367.29907989501953,379.38594818115234,408.2379341125488,375.94103813171387,378.0488967895508,
400.55394172668457,398.79488945007324,371.6721534729004,411.00597381591797,371.9601631164551,393.98789405822754,
379.8220157623291,384.6249580383301,374.91893768310547,396.37184143066406,369.32897567749023,394.42896842956543,
396.4531421661377,381.81591033935547,370.49198150634766,365.0078773498535,355.4189205169678,370.12791633605957,
381.2601566314697,386.05499267578125,369.5969581604004,401.7009735107422,376.4801025390625,371.6459274291992,
378.375768661499,382.42292404174805,413.97905349731445,385.6971263885498,354.3579578399658,392.09508895874023,
383.577823638916,380.82098960876465,415.7240390777588,389.3270492553711,387.96496391296387,383.3611011505127,
397.144079208374,356.52899742126465,398.9379405975342,413.0208492279053,384.11498069763184,386.9781494140625,
390.9950256347656,378.1149387359619,350.6908416748047,400.53510665893555,362.69283294677734,384.16290283203125,
377.8071403503418,370.24402618408203,362.7190589904785,384.1891288757324,383.2249641418457,396.96311950683594,
397.3088264465332,390.98095893859863,371.5789318084717,367.1138286590576,366.6200637817383,384.30094718933105,
378.64017486572266,375.52618980407715,374.74608421325684,412.9519462585449,390.6428813934326,384.890079498291,
370.5580234527588,365.23914337158203,410.2799892425537,389.3089294433594,379.5430660247803,396.41284942626953,
382.5809955596924,394.6959972381592,377.16102600097656,378.33118438720703,356.428861618042,401.4768600463867,
395.04289627075195,370.1791763305664,370.9089756011963,412.80603408813477,381.09779357910156,384.5980167388916,
383.24999809265137,392.20714569091797,406.35013580322266,414.3548011779785,374.4959831237793,394.08302307128906,
388.0460262298584,378.4000873565674,407.96804428100586,399.5170593261719,379.2271614074707,379.53805923461914,
391.3087844848633,382.31801986694336,398.8380432128906,386.0340118408203,357.27405548095703,387.4688148498535,
398.2729911804199,363.6291027069092,379.3988227844238,366.5461540222168,382.4608325958252,389.8510932922363,
398.06103706359863,392.15803146362305,388.14401626586914,416.8128967285156,353.2559871673584,398.7240791320801,
388.87691497802734,403.393030166626,406.2960147857666,365.38100242614746,386.1398696899414,397.22394943237305,
378.77702713012695,385.3278160095215,409.3279838562012,388.8068199157715,370.68891525268555,393.0668830871582,
403.4440517425537,373.52585792541504,355.49306869506836,383.15510749816895,386.8420124053955,374.7379779815674,
372.5152015686035,385.13898849487305,395.27106285095215,402.52208709716797,358.7479591369629,387.2959613800049,
387.5858783721924,376.24406814575195,362.23697662353516,403.9750099182129,358.659029006958,392.7180767059326,
391.0501003265381,359.74812507629395,420.9141731262207,391.36195182800293,375.3209114074707,371.290922164917,
391.704797744751,385.30588150024414,398.3578681945801,417.8328514099121,366.192102432251,403.68199348449707,
381.2570571899414,387.0110511779785,404.4909477233887,401.6549587249756,368.72005462646484,381.026029586792,
376.9991397857666,358.292818069458,411.2510681152344,371.33097648620605,375.8430480957031,381.0269832611084,
389.254093170166,397.7971076965332,399.4600772857666,368.72005462646484,391.7701244354248,389.1410827636719,
391.3228511810303,369.9769973754883,373.93999099731445,417.42706298828125,386.3520622253418,391.0510540008545,
388.9331817626953,387.7139091491699,407.63306617736816,383.16893577575684,361.56702041625977,375.09989738464355,
400.64191818237305,382.39097595214844,370.69201469421387,400.91896057128906,363.8911247253418,379.03404235839844,
398.975133895874,394.6211338043213,390.4001712799072,401.75700187683105,377.5479793548584,399.14798736572266,
399.8420238494873,409.61503982543945,389.7709846496582,394.5350646972656,390.50889015197754,400.9830951690674,
378.6580562591553,366.5790557861328,406.5070152282715,392.85898208618164,385.5857849121094,390.4252052307129,
401.1950492858887,376.4328956604004,387.9268169403076,398.47588539123535,353.29508781433105,402.32396125793457,
395.6739902496338,382.5509548187256,403.55396270751953,409.47890281677246,359.24792289733887,393.5990333557129,
400.89988708496094,391.10493659973145,398.03099632263184,412.02592849731445,363.5830879211426,366.1308288574219,
392.52185821533203,363.50297927856445,394.20604705810547,386.17801666259766,393.91207695007324,389.4209861755371,
378.432035446167,389.3399238586426,404.68502044677734,401.22199058532715,359.41600799560547,379.1239261627197,
373.28100204467773,394.40393447875977,407.85908699035645,412.1589660644531,380.4590702056885,403.1050205230713,
400.6619453430176,363.7280464172363,402.10580825805664,398.35500717163086,363.3120059967041,389.1561031341553,
379.00495529174805,363.02804946899414,402.65512466430664,387.19892501831055,362.45107650756836,397.5191116333008,
383.66198539733887,398.13804626464844,398.2250690460205,374.8669624328613,394.03796195983887,369.3220615386963,
389.42408561706543,373.9140033721924,354.70008850097656,375.11610984802246,384.49597358703613,369.31896209716797,
382.04407691955566,391.1089897155762,396.70705795288086,377.00390815734863,387.06398010253906,367.16699600219727,
386.0948085784912,384.33218002319336,410.36295890808105,401.10301971435547,380.3870677947998,388.66591453552246,
398.76699447631836,375.26392936706543,407.0408344268799,412.22190856933594,385.6821060180664,401.66616439819336,
390.1679515838623,366.06597900390625,422.4569797515869,396.8930244445801,353.42907905578613,391.2680149078369,
381.03294372558594,363.71898651123047,407.8691005706787,406.04090690612793,375.5679130554199,370.4850673675537,
390.1989459991455,407.24802017211914,387.2101306915283,404.3869972229004,388.25297355651855,378.709077835083,
390.68603515625,394.5000171661377,396.9440460205078,377.9280185699463,357.45906829833984,378.6299228668213,
399.48391914367676,403.15794944763184,413.5589599609375,401.48210525512695,359.9238395690918,369.326114654541,
381.9899559020996,398.5481262207031,364.06493186950684,383.0749988555908,370.55301666259766,371.1209297180176,
404.4990539550781,396.2209224700928,418.3230400085449,395.953893661499,388.75794410705566,396.4691162109375,
400.41089057922363,361.1898422241211,382.92789459228516,407.41991996765137,352.39195823669434,379.6429634094238,
369.9338436126709,374.48787689208984,380.74421882629395,387.923002243042,380.83887100219727,378.1919479370117,
395.6620693206787,387.1438503265381,363.9819622039795,383.51988792419434,362.14613914489746,373.6917972564697,
396.4500427246094,374.94587898254395,393.7571048736572,415.47489166259766,358.38794708251953,388.1030082702637,
391.95919036865234,392.7030563354492,386.63601875305176,369.90904808044434,374.21107292175293,378.3109188079834,
382.1868896484375,376.4369487762451,403.17296981811523,390.7639980316162,377.14099884033203,386.7521286010742,
392.1351432800293,388.23413848876953,365.678071975708,374.19986724853516,355.38697242736816,393.4290409088135,
394.075870513916,363.02995681762695,411.95011138916016,386.3520622253418,388.09800148010254,395.3530788421631,
377.8190612792969,392.4679756164551,417.2039031982422,372.7378845214844,364.8660182952881,378.5550594329834,
398.2679843902588,365.80681800842285,367.764949798584,397.3259925842285,375.3809928894043,397.78900146484375,
375.2479553222656,401.78680419921875,403.55587005615234,385.2829933166504,388.5338306427002,383.35204124450684,
398.1208801269531,386.20710372924805,403.331995010376,411.64302825927734,373.485803604126,382.9970359802246,
400.45690536499023,380.2978992462158,415.4989719390869,386.2590789794922,363.1319999694824,372.4639415740967,
378.4611225128174,403.6431312561035,409.7299575805664,413.06090354919434,366.82605743408203,392.4710750579834,
379.0271282196045,363.8269901275635,394.9000835418701,403.92088890075684,384.1259479522705,403.77283096313477,
384.94396209716797,399.3840217590332,423.0349063873291,364.69316482543945,359.3778610229492,383.09192657470703,
392.2090530395508,373.49796295166016,379.2610168457031,394.69218254089355,387.4328136444092,389.85180854797363,
375.3631114959717,381.7861080169678,361.7818355560303,390.3028964996338,365.480899810791,387.33911514282227,
390.988826751709,379.20117378234863,408.86378288269043,392.1980857849121,379.5950412750244,399.19090270996094,
376.22714042663574,395.7529067993164,371.3068962097168,364.0279769897461,371.8109130859375,382.2360038757324,
374.29094314575195,390.83409309387207,366.8692111968994,374.4931221008301,355.15713691711426,391.57986640930176,
372.51782417297363,374.7849464416504,372.4949359893799,401.3979434967041,367.7229881286621,368.96800994873047,
382.19499588012695,391.01505279541016,379.98199462890625,369.7550296783447,388.25511932373047,383.3770751953125,
391.6161060333252,402.0419120788574,400.9900093078613,410.56299209594727,384.9468231201172,392.59815216064453,
384.7479820251465,369.56214904785156,406.3839912414551,397.1211910247803,355.2131652832031,370.61309814453125,
384.5701217651367,369.2641258239746,360.6588840484619,415.89808464050293,359.4379425048828,396.4080810546875,
384.7541809082031,350.74710845947266,360.6290817260742,393.3680057525635,367.45500564575195,379.7781467437744,
404.5379161834717,377.7492046356201,400.29001235961914,414.6239757537842,386.732816696167,391.2010192871094,
390.5959129333496,387.5589370727539,369.51398849487305,396.59905433654785,356.31489753723145,369.1990375518799,
390.3648853302002,403.1498432159424,384.66501235961914,414.28494453430176,360.11815071105957,365.0350570678711,
379.4260025024414,362.0171546936035,391.7570114135742,405.63392639160156,369.17614936828613,390.9919261932373,
401.6988277435303,393.7110900878906,368.41797828674316,411.4260673522949,383.93402099609375,369.80605125427246,
387.253999710083,371.4940547943115,389.6520137786865,367.19298362731934,373.3019828796387,379.7731399536133,
380.89585304260254,358.579158782959,356.0218811035156,381.26111030578613,350.85201263427734,403.54394912719727,
389.1141414642334,391.80803298950195,372.9441165924072,407.79900550842285,355.6349277496338,369.1709041595459,
374.1288185119629,380.0680637359619,372.72095680236816,406.2049388885498,378.08895111083984,400.346040725708,
378.30305099487305,386.1510753631592,389.64295387268066,389.4059658050537,385.5700492858887,370.5320358276367,
388.17596435546875,403.03587913513184,383.1009864807129,406.15391731262207,384.36102867126465,401.17502212524414,
403.3029079437256,374.6218681335449,404.06203269958496,380.36108016967773,383.12697410583496,389.970064163208,
391.7381763458252,378.1259059906006,394.8380947113037,404.29115295410156,372.91693687438965,375.8549690246582,
382.39407539367676,366.2290573120117,408.0619812011719,396.76499366760254,360.0959777832031,402.82583236694336,
395.89905738830566,360.9321117401123,414.66498374938965,392.0779228210449,379.8198699951172,391.08800888061523,
390.14291763305664,405.0900936126709,403.45001220703125,381.3159465789795,360.0959777832031,397.8559970855713,
387.85386085510254,391.78991317749023,403.61809730529785,369.7540760040283,362.1671199798584,399.6729850769043,
388.3960247039795,357.24496841430664,386.2910270690918,388.31400871276855,371.7038631439209,404.0079116821289,
388.26608657836914,389.5068168640137,415.7910346984863,377.24995613098145,379.4691562652588,383.5580348968506,
389.570951461792,374.9959468841553,392.70782470703125,392.31109619140625,380.173921585083,372.3268508911133,
395.982027053833,353.0230522155762,356.2488555908203,400.6359577178955,367.5858974456787,387.174129486084,
395.2150344848633,358.54077339172363,407.9089164733887,410.1550579071045,375.7920265197754,389.39499855041504,
384.0630054473877,370.837926864624,398.6020088195801,404.0040969848633,363.9349937438965,366.73808097839355,
404.85191345214844,378.7119388580322,423.4580993652344,373.92115592956543,360.52799224853516,391.8280601501465,
391.9939994812012,374.09090995788574,401.72386169433594,405.8980941772461,386.9180679321289,387.484073638916,
374.03202056884766,375.08201599121094,395.1880931854248,391.4930820465088,364.00794982910156,382.04503059387207,
386.7931365966797,368.0379390716553,378.7200450897217,397.10497856140137,383.0831050872803,388.47994804382324,
376.5890598297119,378.74889373779297,366.1539554595947,397.48501777648926,365.3848171234131,396.8338966369629,
387.70294189453125,363.42501640319824,355.6649684906006,404.42705154418945,367.7401542663574,376.36613845825195,
386.1410617828369,384.6440315246582,395.1117992401123,401.3068675994873,356.54497146606445,369.520902633667,
389.25886154174805,385.1318359375,408.9658260345459,411.94796562194824,362.55812644958496,385.2999210357666,
386.3339424133301,399.5471000671387,389.3420696258545,389.9369239807129,360.2480888366699,371.48308753967285,
369.83799934387207,375.1990795135498,388.10086250305176,412.40501403808594,353.50799560546875,386.45100593566895,
380.3141117095947,363.25907707214355,413.9900207519531,413.12718391418457,362.8721237182617,386.35802268981934,
395.5509662628174,364.25280570983887,368.81017684936523,417.25993156433105,363.25716972351074,391.04390144348145,
386.49988174438477,390.6090259552002,410.0031852722168,400.6221294403076,392.22097396850586,396.52204513549805,
381.350040435791,386.9211673736572,371.6440200805664,408.9159965515137,372.6539611816406,404.36506271362305,
386.74306869506836,381.90317153930664,404.1259288787842,397.1729278564453,384.28497314453125,389.4200325012207,
387.12191581726074,362.00404167175293,395.2181339263916,409.621000289917,387.8209590911865,387.21299171447754,
383.18705558776855,406.6758155822754,400.96306800842285,386.12914085388184,360.7180118560791,397.63903617858887,
394.04988288879395,392.6270008087158,407.14097023010254,418.3058738708496,379.39906120300293,382.5550079345703,
388.54217529296875,378.4308433532715,391.0090923309326,380.7661533355713,383.4669589996338,387.34912872314453,
395.7641124725342,354.38013076782227,414.95299339294434,399.8720645904541,387.93182373046875,381.5319538116455,
393.2781219482422,380.0649642944336,379.317045211792,410.0968837738037,381.5879821777344,381.14404678344727,
375.1518726348877,398.9429473876953,365.81993103027344,416.5778160095215,374.068021774292,364.2449378967285,
369.6098327636719,379.52184677124023,377.3078918457031,416.0270690917969,367.7668571472168,398.6639976501465,
373.03805351257324,371.42205238342285,416.10097885131836,395.4019546508789,358.12902450561523,401.9320011138916,
373.35991859436035,397.11499214172363,404.738187789917,412.7938747406006,378.1249523162842,369.31300163269043,
376.91807746887207,393.1550979614258,374.80998039245605,369.2779541015625,394.6189880371094,395.9829807281494,
390.5799388885498,395.60890197753906,413.17200660705566,369.85015869140625,393.4788703918457,402.1000862121582,
401.3829231262207,375.03790855407715,355.09705543518066,404.0091037750244,380.0628185272217,395.9808349609375,
389.34993743896484,363.83891105651855,350.8889675140381,395.6010341644287,382.4119567871094,399.4009494781494,
379.6730041503906,370.5010414123535,388.1349563598633,395.23887634277344,382.88307189941406,394.550085067749,
396.8331813812256,365.74792861938477,369.1990375518799,366.5931224822998,365.21196365356445,389.3861770629883,
402.44388580322266,375.1230239868164,372.6358413696289,408.7209701538086,373.27098846435547,384.37700271606445,
388.20791244506836,403.34010124206543,381.55317306518555,374.62687492370605,376.1558532714844,383.6698532104492,
392.1699523925781,402.73404121398926,421.5970039367676,400.67291259765625,376.10507011413574,405.49206733703613,
389.6927833557129,396.96693420410156,396.6219425201416,414.1199588775635,350.600004196167,385.3890895843506,
376.4331340789795,392.48013496398926,391.5739059448242,407.03296661376953,375.95295906066895,370.682954788208,
380.2330493927002,393.826961517334,364.6869659423828,399.2009162902832,371.37579917907715,379.061222076416,
373.49915504455566,366.81199073791504,412.1711254119873,404.13808822631836,386.3840103149414,380.540132522583,
374.392032623291,365.70096015930176,363.0220890045166,409.11006927490234,371.42086029052734,387.1748447418213,
370.59998512268066,390.11311531066895,383.2659721374512,410.9311103820801,369.10414695739746,383.8620185852051,
376.01494789123535,406.2540531158447,408.1859588623047,374.4981288909912,381.6239833831787,375.52595138549805,
384.6440315246582,383.6181163787842,393.75805854797363,386.69395446777344,386.17706298828125,379.8060417175293,
388.87977600097656,363.3570671081543,379.66179847717285,374.27306175231934,363.53015899658203,364.90917205810547,
391.39389991760254,383.57996940612793,409.64603424072266,408.19311141967773,371.58894538879395,402.65703201293945,
390.29788970947266,404.6471118927002,372.0560073852539,408.8940620422363,389.79506492614746,370.2859878540039,
381.1450004577637,380.3839683532715,406.3260555267334,405.0750732421875,357.73301124572754,371.38819694519043,
397.2189426422119,396.2399959564209,394.92297172546387,365.8180236816406,347.991943359375,401.9968509674072,
393.8150405883789,363.33513259887695,394.28091049194336,397.8691101074219,359.71999168395996,362.9281520843506,
389.87112045288086,360.52608489990234,404.6440124511719,397.9778289794922,368.12615394592285,390.6569480895996,
386.8241310119629,380.1760673522949,406.64196014404297,402.5390148162842,378.9501190185547,375.9951591491699,
399.20496940612793,392.0278549194336,371.2430000305176,407.74083137512207,366.69206619262695,395.4198360443115,
379.6408176422119,371.19007110595703,394.63210105895996,406.796932220459,351.76801681518555,396.2559700012207,
370.90086936950684,374.2821216583252,404.8788547515869,397.0961570739746,371.370792388916,394.77992057800293,
373.19087982177734,353.9409637451172,403.05399894714355,398.73504638671875,353.3470630645752,398.30517768859863,
386.6729736328125,382.9948902130127,383.87393951416016,370.8460330963135,385.113000869751,389.58191871643066,
377.5811195373535,406.8419933319092,374.2659091949463,396.35586738586426,365.14902114868164,401.8080234527588,
369.6269989013672,375.58889389038086,395.82180976867676,417.949914932251,363.59500885009766,382.7359676361084,
371.25301361083984,402.96411514282227,374.61090087890625,395.6270217895508,354.6121120452881,383.9409351348877,
386.5640163421631,395.09081840515137,394.625186920166,396.67582511901855,363.8591766357422,364.14194107055664,
388.4100914001465,363.1420135498047,383.0070495605469,411.6179943084717,382.767915725708,398.5180854797363,
387.99405097961426,395.8239555358887,393.97192001342773,403.2480716705322,378.38292121887207,395.9460258483887,
388.6909484863281,372.77793884277344,386.1210346221924,411.23390197753906,355.0379276275635,396.5578079223633,
393.6431407928467,375.3800392150879,386.0311508178711,380.9690475463867,375.8270740509033,400.8450508117676,
404.12187576293945,388.0431652069092,378.18408012390137,401.1731147766113,352.2069454193115,366.7018413543701,
392.75503158569336,364.33982849121094,370.49102783203125,392.58790016174316,390.8710479736328,384.88006591796875,
370.7578182220459,381.3140392303467,403.56898307800293,409.87205505371094,359.47513580322266,394.43206787109375,
377.05397605895996,382.7037811279297,391.9088840484619,370.8529472351074,389.3098831176758,396.6560363769531,
398.96583557128906,368.8499927520752,419.57688331604004,403.8999080657959,374.7859001159668,403.7799835205078,
394.14095878601074,371.7670440673828,368.6819076538086,406.9380760192871,361.8290424346924,400.04515647888184,
380.4318904876709,378.80492210388184,413.2828712463379,389.26005363464355,349.1640090942383,375.4310607910156,
377.11215019226074,385.3490352630615,380.53107261657715,388.41986656188965,378.23987007141113,397.4149227142334,
390.24996757507324,381.58702850341797,391.0839557647705,393.56303215026855,362.11705207824707,403.75614166259766,
377.97093391418457,398.8609313964844,386.3339424133301,397.27020263671875,388.61799240112305,394.6220874786377,
386.34419441223145,399.8291492462158,404.9680233001709,372.49207496643066,384.2430114746094,402.5230407714844,
387.1760368347168,367.703914642334,406.0230255126953,400.8440971374512,370.8181381225586,402.2829532623291,
380.91206550598145,375.87499618530273,392.29607582092285,392.7140235900879,366.93787574768066,403.92494201660156,
385.74695587158203,391.34979248046875,380.4969787597656,377.7499198913574,358.03699493408203,400.47287940979004,
373.2020854949951,370.8221912384033,374.8180866241455,387.6209259033203,374.9959468841553,363.13796043395996,
380.4481029510498,408.3819389343262,396.1648941040039,401.8099308013916,388.8208866119385,394.6218490600586,
388.24987411499023,366.84203147888184,361.18197441101074,406.34608268737793,386.25097274780273,386.05380058288574,
380.6939125061035,409.27910804748535,412.2600555419922,376.89995765686035,379.1849613189697,384.5558166503906,
370.837926864624,393.8121795654297,413.877010345459,368.682861328125,386.0609531402588,389.9710178375244,
395.54691314697266,397.86386489868164,378.7369728088379,370.85890769958496,392.75503158569336,399.9319076538086,
388.96703720092773,377.4099349975586,385.9860897064209,373.8219738006592,381.8490505218506,387.1331214904785,
369.87996101379395,377.38513946533203,382.8167915344238,380.6748390197754,381.7451000213623,396.53897285461426,
403.850793838501,373.3501434326172,363.0712032318115,406.19683265686035,372.4710941314697,393.94307136535645,
378.18098068237305,387.3779773712158,411.2989902496338,392.3799991607666,371.05512619018555,402.6479721069336,
378.0801296234131,371.78707122802734,421.53406143188477,387.1488571166992,366.9259548187256,390.24996757507324,
389.6758556365967,405.5769443511963,420.6809997558594,406.33511543273926,372.09415435791016,387.1278762817383,
388.02313804626465,388.64994049072266,417.90199279785156,379.3001174926758,364.7599220275879,383.24999809265137,
384.2339515686035,393.9669132232666,415.2789115905762,378.9191246032715,387.800931930542,387.2840404510498,
396.73614501953125,382.50112533569336,392.4860954284668,411.1001491546631,384.2461109161377,394.99902725219727,
397.737979888916,358.9611053466797,383.6328983306885,414.431095123291,370.88894844055176,400.36892890930176,
390.3520107269287,388.70811462402344,408.10203552246094,400.65813064575195,368.02005767822266,394.197940826416,
372.2190856933594,389.79101181030273,382.8539848327637,407.8869819641113,369.0228462219238,386.67798042297363,
377.9480457305908,371.02389335632324,398.2100486755371,403.4609794616699,392.7490711212158,404.83784675598145,
380.0070285797119,386.57307624816895,399.0318775177002,393.30506324768066,375.964879989624,394.9921131134033,
393.1541442871094,361.52100563049316,395.31493186950684,411.3421440124512,375.79798698425293,395.85208892822266,
374.62496757507324,351.726770401001,385.42699813842773,365.71478843688965,368.92008781433105,399.6579647064209,
382.0819854736328,386.2650394439697,422.65892028808594,402.79483795166016,365.79203605651855,382.1980953216553,
385.73384284973145,363.7230396270752,365.3249740600586,366.70899391174316,375.3321170806885,393.1710720062256,
377.12812423706055,392.03596115112305,390.4268741607666,418.1218147277832,377.1178722381592,397.7072238922119,
399.89590644836426,400.5868434906006,400.24399757385254,367.9471015930176,361.5999221801758,394.50693130493164,
399.5230197906494,394.2239284515381,420.5811023712158,410.7990264892578,364.52317237854004,380.1000118255615,
385.73718070983887,409.35802459716797,398.144006729126,391.7050361633301,349.4300842285156,396.0540294647217,
392.3799991607666,364.879846572876,384.49883460998535,380.5990219116211,383.0230236053467,399.89686012268066,
388.41891288757324,368.2141304016113,376.80697441101074,408.174991607666,367.59305000305176,390.2750015258789,
394.65785026550293,401.31378173828125,395.5399990081787,404.56295013427734,352.2970676422119,385.9109878540039,
384.2628002166748,372.2100257873535,404.3281078338623,374.1109371185303,385.6840133666992,364.0179634094238,
391.5891647338867,403.39183807373047,400.97904205322266,410.3829860687256,374.26090240478516,379.2300224304199,
376.12390518188477,370.08094787597656,394.8640823364258,394.0467834472656,374.0990161895752,390.64502716064453,
379.12607192993164,370.7258701324463,416.70989990234375,408.5979461669922,368.03293228149414,387.7689838409424,
383.3661079406738,372.3759651184082,366.3480281829834,407.6051712036133,357.41591453552246,400.01702308654785,
388.06700706481934,378.1881332397461,367.2139644622803,398.65899085998535,381.85787200927734,392.79699325561523,
373.6879825592041,369.7788715362549,398.514986038208,410.75587272644043,383.63099098205566,385.6699466705322,
384.4730854034424,362.4289035797119,406.6760540008545,394.7169780731201,384.9928379058838,387.01796531677246,
379.17399406433105,404.3891429901123,415.7700538635254,393.2349681854248,385.17212867736816,386.22307777404785,
391.9949531555176,404.89983558654785,384.74297523498535,368.88694763183594,364.24994468688965,372.9681968688965,
392.33899116516113,374.7749328613281,383.20302963256836,411.09395027160645,374.4180202484131,366.649866104126,
385.59913635253906,373.54397773742676,411.7879867553711,377.532958984375,367.4929141998291,372.81107902526855,
385.77985763549805,359.99202728271484,361.60993576049805,391.41201972961426,367.48695373535156,367.7539825439453,
390.2130126953125,363.5900020599365,415.693998336792,402.6930332183838,365.8759593963623,393.4168815612793,
370.999813079834,401.8740653991699,372.6329803466797,385.99395751953125,390.0909423828125,400.9571075439453,
377.9759407043457,388.7331485748291,404.80685234069824,398.64206314086914,377.29811668395996,402.32086181640625,
378.04388999938965,381.9141387939453,394.1531181335449,399.630069732666,367.2220706939697,395.0979709625244,
387.76183128356934,382.8470706939697,400.8159637451172,372.54905700683594,365.1118278503418,391.6490077972412,
387.87198066711426,391.74509048461914,386.98291778564453,367.0320510864258,349.3320941925049,384.95612144470215,
390.6979560852051,401.5979766845703,422.73783683776855,397.53198623657227,355.2429676055908,379.28295135498047,
398.266077041626,387.94684410095215,410.81690788269043,408.51902961730957,363.65699768066406,377.81691551208496,
404.48689460754395,408.4200859069824,402.6021957397461,409.9118709564209,377.8398036956787,386.4459991455078,
375.40388107299805,375.24890899658203,360.7370853424072,400.5458354949951,388.383150100708,389.2498016357422,
384.7169876098633,408.1919193267822,381.12807273864746,417.0269966125488,359.5771789550781,392.64702796936035,
384.660005569458,395.1699733734131,405.73716163635254,401.2010097503662,370.8608150482178,385.70308685302734,
382.5709819793701,392.841100692749,372.27797508239746,409.2140197753906,380.90991973876953,383.41808319091797,
392.75598526000977,400.35390853881836,394.18983459472656,403.9478302001953,353.9459705352783,392.287015914917,
395.474910736084,352.37789154052734,370.269775390625,405.8520793914795,376.6508102416992,374.5441436767578,
376.2681484222412,379.24695014953613,386.2318992614746,396.65913581848145,374.16815757751465,373.6920356750488,
391.909122467041,384.4869136810303,419.1269874572754,404.7720432281494,372.06387519836426,392.8380012512207,
382.6930522918701,409.1300964355469,373.0010986328125,404.83903884887695,367.9220676422119,392.4398422241211,
369.91405487060547,,400.5880355834961,407.351016998291,,383.7149143218994,
,,,,,,
